mag_id	sample_id	has_crispr
TLL01.bin.1.fa	TLL1	1
TLL01.bin.14.fa	TLL1	0
TLL01.bin.15.fa	TLL1	1
TLL01.bin.16.fa	TLL1	0
TLL01.bin.17.fa	TLL1	0
TLL01.bin.18.fa	TLL1	1
TLL01.bin.21.fa	TLL1	0
TLL01.bin.25.fa	TLL1	0
TLL01.bin.27.fa	TLL1	0
TLL01.bin.29.fa	TLL1	1
TLL01.bin.30.fa	TLL1	0
TLL01.bin.31.fa	TLL1	0
TLL01.bin.34.fa	TLL1	0
TLL01.bin.35.fa	TLL1	0
TLL01.bin.40.fa	TLL1	0
TLL01.bin.42.fa	TLL1	1
TLL02.bin.1.fa	TLL2	0
TLL02.bin.14.fa	TLL2	0
TLL02.bin.15.fa	TLL2	0
TLL02.bin.16.fa	TLL2	1
TLL02.bin.18.fa	TLL2	0
TLL02.bin.2.fa	TLL2	1
TLL02.bin.23.fa	TLL2	0
TLL02.bin.25.fa	TLL2	0
TLL02.bin.27.fa	TLL2	0
TLL02.bin.28.fa	TLL2	0
TLL02.bin.30.fa	TLL2	0
TLL02.bin.36.fa	TLL2	0
TLL02.bin.38.fa	TLL2	0
TLL02.bin.4.fa	TLL2	0
TLL02.bin.47.fa	TLL2	0
TLL02.bin.48.fa	TLL2	1
TLL02.bin.50.fa	TLL2	0
TLL02.bin.51.fa	TLL2	1
TLL03.bin.1.fa	TLL3	1
TLL03.bin.10.fa	TLL3	0
TLL03.bin.16.fa	TLL3	1
TLL03.bin.17.fa	TLL3	0
TLL03.bin.18.fa	TLL3	0
TLL03.bin.2.fa	TLL3	1
TLL03.bin.22.fa	TLL3	0
TLL03.bin.23.fa	TLL3	1
TLL03.bin.28.fa	TLL3	0
TLL03.bin.30.fa	TLL3	0
TLL03.bin.32.fa	TLL3	0
TLL03.bin.33.fa	TLL3	0
TLL03.bin.37.fa	TLL3	0
TLL03.bin.4.fa	TLL3	0
TLL03.bin.41.fa	TLL3	0
TLL03.bin.43.fa	TLL3	0
TLL03.bin.44.fa	TLL3	0
TLL03.bin.47.fa	TLL3	1
TLL03.bin.5.fa	TLL3	1
TLL03.bin.51.fa	TLL3	0
TLL03.bin.53.fa	TLL3	1
TLL03.bin.55.fa	TLL3	1
TLL03.bin.58.fa	TLL3	0
TLL03.bin.59.fa	TLL3	0
TLL03.bin.63.fa	TLL3	1
TLL03.bin.66.fa	TLL3	0
TLL03.bin.69.fa	TLL3	1
TLL03.bin.72.fa	TLL3	0
TLL03.bin.74.fa	TLL3	0
TLL03.bin.76.fa	TLL3	0
TLL03.bin.77.fa	TLL3	0
TLL03.bin.78.fa	TLL3	0
TLL03.bin.79.fa	TLL3	1
TLL03.bin.8.fa	TLL3	1
TLL04.bin.13.fa	TLL4	0
TLL04.bin.16.fa	TLL4	0
TLL04.bin.18.fa	TLL4	1
TLL04.bin.21.fa	TLL4	0
TLL04.bin.23.fa	TLL4	0
TLL04.bin.25.fa	TLL4	0
TLL04.bin.27.fa	TLL4	1
TLL04.bin.28.fa	TLL4	0
TLL04.bin.30.fa	TLL4	0
TLL04.bin.32.fa	TLL4	1
TLL04.bin.33.fa	TLL4	1
TLL04.bin.37.fa	TLL4	0
TLL04.bin.38.fa	TLL4	0
TLL04.bin.39.fa	TLL4	0
TLL04.bin.4.fa	TLL4	0
TLL04.bin.40.fa	TLL4	0
TLL04.bin.41.fa	TLL4	1
TLL04.bin.43.fa	TLL4	1
TLL04.bin.48.fa	TLL4	0
TLL04.bin.52.fa	TLL4	1
TLL04.bin.54.fa	TLL4	0
TLL04.bin.55.fa	TLL4	0
TLL04.bin.58.fa	TLL4	0
TLL04.bin.6.fa	TLL4	0
TLL04.bin.68.fa	TLL4	0
TLL04.bin.69.fa	TLL4	1
TLL04.bin.7.fa	TLL4	0
TLL04.bin.73.fa	TLL4	0
TLL05.bin.1.fa	TLL5	0
TLL05.bin.10.fa	TLL5	0
TLL05.bin.11.fa	TLL5	0
TLL05.bin.13.fa	TLL5	0
TLL05.bin.19.fa	TLL5	1
TLL05.bin.2.fa	TLL5	0
TLL05.bin.21.fa	TLL5	0
TLL05.bin.22.fa	TLL5	0
TLL05.bin.24.fa	TLL5	0
TLL05.bin.29.fa	TLL5	0
TLL05.bin.3.fa	TLL5	0
TLL05.bin.31.fa	TLL5	0
TLL05.bin.34.fa	TLL5	0
TLL05.bin.35.fa	TLL5	1
TLL05.bin.38.fa	TLL5	0
TLL05.bin.39.fa	TLL5	0
TLL05.bin.40.fa	TLL5	0
TLL05.bin.41.fa	TLL5	1
TLL05.bin.42.fa	TLL5	1
TLL05.bin.44.fa	TLL5	0
TLL05.bin.46.fa	TLL5	0
TLL05.bin.47.fa	TLL5	0
TLL05.bin.48.fa	TLL5	0
TLL05.bin.49.fa	TLL5	0
TLL05.bin.53.fa	TLL5	0
TLL05.bin.57.fa	TLL5	0
TLL05.bin.58.fa	TLL5	0
TLL05.bin.6.fa	TLL5	1
TLL05.bin.62.fa	TLL5	0
TLL05.bin.63.fa	TLL5	0
TLL05.bin.64.fa	TLL5	1
TLL05.bin.65.fa	TLL5	0
TLL05.bin.66.fa	TLL5	0
TLL05.bin.67.fa	TLL5	0
TLL05.bin.69.fa	TLL5	1
TLL05.bin.7.fa	TLL5	1
TLL05.bin.71.fa	TLL5	0
TLL05.bin.72.fa	TLL5	1
TLL05.bin.9.fa	TLL5	0
TLL06.bin.10.fa	TLL6	1
TLL06.bin.12.fa	TLL6	0
TLL06.bin.13.fa	TLL6	0
TLL06.bin.14.fa	TLL6	1
TLL06.bin.15.fa	TLL6	0
TLL06.bin.19.fa	TLL6	1
TLL06.bin.2.fa	TLL6	0
TLL06.bin.20.fa	TLL6	0
TLL06.bin.24.fa	TLL6	0
TLL06.bin.27.fa	TLL6	0
TLL06.bin.28.fa	TLL6	0
TLL06.bin.3.fa	TLL6	0
TLL06.bin.30.fa	TLL6	1
TLL06.bin.31.fa	TLL6	0
TLL06.bin.32.fa	TLL6	1
TLL06.bin.33.fa	TLL6	0
TLL06.bin.34.fa	TLL6	1
TLL06.bin.36.fa	TLL6	0
TLL06.bin.37.fa	TLL6	0
TLL06.bin.40.fa	TLL6	1
TLL06.bin.43.fa	TLL6	0
TLL06.bin.45.fa	TLL6	0
TLL06.bin.48.fa	TLL6	1
TLL06.bin.49.fa	TLL6	0
TLL06.bin.5.fa	TLL6	1
TLL06.bin.52.fa	TLL6	1
TLL06.bin.53.fa	TLL6	1
TLL06.bin.54.fa	TLL6	0
TLL06.bin.55.fa	TLL6	1
TLL06.bin.56.fa	TLL6	1
TLL06.bin.57.fa	TLL6	0
TLL06.bin.58.fa	TLL6	1
TLL06.bin.59.fa	TLL6	1
TLL06.bin.62.fa	TLL6	0
TLL06.bin.63.fa	TLL6	1
TLL06.bin.9.fa	TLL6	0
TLL07.bin.1.fa	TLL7	0
TLL07.bin.10.fa	TLL7	1
TLL07.bin.17.fa	TLL7	0
TLL07.bin.18.fa	TLL7	0
TLL07.bin.2.fa	TLL7	0
TLL07.bin.20.fa	TLL7	0
TLL07.bin.21.fa	TLL7	0
TLL07.bin.23.fa	TLL7	0
TLL07.bin.3.fa	TLL7	1
TLL07.bin.32.fa	TLL7	0
TLL07.bin.33.fa	TLL7	0
TLL07.bin.4.fa	TLL7	0
TLL07.bin.6.fa	TLL7	1
TLL07.bin.7.fa	TLL7	0
TLL07.bin.9.fa	TLL7	1
TLL08.bin.10.fa	TLL8	1
TLL08.bin.11.fa	TLL8	0
TLL08.bin.12.fa	TLL8	0
TLL08.bin.13.fa	TLL8	1
TLL08.bin.14.fa	TLL8	0
TLL08.bin.15.fa	TLL8	1
TLL08.bin.16.fa	TLL8	1
TLL08.bin.17.fa	TLL8	1
TLL08.bin.18.fa	TLL8	0
TLL08.bin.24.fa	TLL8	1
TLL08.bin.26.fa	TLL8	1
TLL08.bin.31.fa	TLL8	1
TLL08.bin.39.fa	TLL8	0
TLL08.bin.4.fa	TLL8	1
TLL08.bin.5.fa	TLL8	0
TLL08.bin.6.fa	TLL8	0
TLL08.bin.9.fa	TLL8	0
TLL09.bin.1.fa	TLL9	1
TLL09.bin.13.fa	TLL9	0
TLL09.bin.16.fa	TLL9	0
TLL09.bin.18.fa	TLL9	0
TLL09.bin.19.fa	TLL9	1
TLL09.bin.2.fa	TLL9	1
TLL09.bin.20.fa	TLL9	0
TLL09.bin.23.fa	TLL9	0
TLL09.bin.24.fa	TLL9	0
TLL09.bin.27.fa	TLL9	1
TLL09.bin.28.fa	TLL9	0
TLL09.bin.3.fa	TLL9	0
TLL09.bin.30.fa	TLL9	1
TLL09.bin.31.fa	TLL9	0
TLL09.bin.4.fa	TLL9	0
TLL09.bin.6.fa	TLL9	0
TLL09.bin.8.fa	TLL9	0
TLL10.bin.10.fa	TLL10	0
TLL10.bin.11.fa	TLL10	1
TLL10.bin.12.fa	TLL10	0
TLL10.bin.13.fa	TLL10	0
TLL10.bin.14.fa	TLL10	0
TLL10.bin.15.fa	TLL10	1
TLL10.bin.16.fa	TLL10	0
TLL10.bin.21.fa	TLL10	1
TLL10.bin.25.fa	TLL10	0
TLL10.bin.28.fa	TLL10	0
TLL10.bin.32.fa	TLL10	1
TLL10.bin.35.fa	TLL10	1
TLL10.bin.37.fa	TLL10	0
TLL10.bin.41.fa	TLL10	1
TLL10.bin.43.fa	TLL10	0
TLL10.bin.45.fa	TLL10	0
TLL10.bin.48.fa	TLL10	1
TLL10.bin.5.fa	TLL10	1
TLL10.bin.7.fa	TLL10	0
TLL100.bin.10.fa	TLL100	0
TLL100.bin.15.fa	TLL100	0
TLL100.bin.16.fa	TLL100	1
TLL100.bin.19.fa	TLL100	0
TLL100.bin.20.fa	TLL100	0
TLL100.bin.21.fa	TLL100	1
TLL100.bin.22.fa	TLL100	0
TLL100.bin.24.fa	TLL100	0
TLL100.bin.26.fa	TLL100	0
TLL100.bin.28.fa	TLL100	0
TLL100.bin.3.fa	TLL100	1
TLL100.bin.30.fa	TLL100	0
TLL100.bin.31.fa	TLL100	0
TLL100.bin.32.fa	TLL100	0
TLL100.bin.33.fa	TLL100	1
TLL100.bin.35.fa	TLL100	0
TLL100.bin.4.fa	TLL100	0
TLL100.bin.41.fa	TLL100	0
TLL100.bin.42.fa	TLL100	0
TLL100.bin.43.fa	TLL100	0
TLL100.bin.47.fa	TLL100	0
TLL100.bin.48.fa	TLL100	0
TLL100.bin.49.fa	TLL100	0
TLL100.bin.52.fa	TLL100	0
TLL100.bin.54.fa	TLL100	1
TLL100.bin.55.fa	TLL100	0
TLL100.bin.56.fa	TLL100	0
TLL100.bin.57.fa	TLL100	1
TLL100.bin.6.fa	TLL100	1
TLL100.bin.60.fa	TLL100	1
TLL100.bin.61.fa	TLL100	1
TLL100.bin.64.fa	TLL100	1
TLL100.bin.65.fa	TLL100	0
TLL100.bin.69.fa	TLL100	1
TLL100.bin.7.fa	TLL100	0
TLL100.bin.70.fa	TLL100	1
TLL100.bin.8.fa	TLL100	1
TLL101.bin.1.fa	TLL101	1
TLL101.bin.10.fa	TLL101	0
TLL101.bin.11.fa	TLL101	0
TLL101.bin.12.fa	TLL101	0
TLL101.bin.14.fa	TLL101	1
TLL101.bin.15.fa	TLL101	0
TLL101.bin.16.fa	TLL101	0
TLL101.bin.17.fa	TLL101	0
TLL101.bin.18.fa	TLL101	0
TLL101.bin.2.fa	TLL101	0
TLL101.bin.20.fa	TLL101	0
TLL101.bin.21.fa	TLL101	1
TLL101.bin.25.fa	TLL101	0
TLL101.bin.28.fa	TLL101	1
TLL101.bin.30.fa	TLL101	1
TLL101.bin.31.fa	TLL101	1
TLL101.bin.32.fa	TLL101	0
TLL101.bin.34.fa	TLL101	0
TLL101.bin.35.fa	TLL101	0
TLL101.bin.36.fa	TLL101	0
TLL101.bin.37.fa	TLL101	0
TLL101.bin.39.fa	TLL101	1
TLL101.bin.4.fa	TLL101	0
TLL101.bin.42.fa	TLL101	0
TLL101.bin.43.fa	TLL101	1
TLL101.bin.44.fa	TLL101	0
TLL101.bin.46.fa	TLL101	1
TLL101.bin.47.fa	TLL101	0
TLL101.bin.48.fa	TLL101	1
TLL101.bin.5.fa	TLL101	1
TLL101.bin.50.fa	TLL101	0
TLL101.bin.7.fa	TLL101	0
TLL101.bin.8.fa	TLL101	1
TLL102.bin.10.fa	TLL102	0
TLL102.bin.11.fa	TLL102	0
TLL102.bin.13.fa	TLL102	1
TLL102.bin.14.fa	TLL102	0
TLL102.bin.16.fa	TLL102	1
TLL102.bin.19.fa	TLL102	1
TLL102.bin.20.fa	TLL102	0
TLL102.bin.23.fa	TLL102	0
TLL102.bin.24.fa	TLL102	0
TLL102.bin.25.fa	TLL102	1
TLL102.bin.26.fa	TLL102	1
TLL102.bin.3.fa	TLL102	0
TLL102.bin.30.fa	TLL102	1
TLL102.bin.31.fa	TLL102	0
TLL102.bin.33.fa	TLL102	0
TLL102.bin.34.fa	TLL102	1
TLL102.bin.35.fa	TLL102	0
TLL102.bin.36.fa	TLL102	1
TLL102.bin.38.fa	TLL102	1
TLL102.bin.39.fa	TLL102	1
TLL102.bin.40.fa	TLL102	1
TLL102.bin.41.fa	TLL102	1
TLL102.bin.42.fa	TLL102	1
TLL102.bin.44.fa	TLL102	0
TLL102.bin.45.fa	TLL102	0
TLL102.bin.46.fa	TLL102	0
TLL102.bin.49.fa	TLL102	0
TLL102.bin.54.fa	TLL102	0
TLL102.bin.57.fa	TLL102	0
TLL102.bin.60.fa	TLL102	0
TLL102.bin.64.fa	TLL102	0
TLL102.bin.65.fa	TLL102	1
TLL102.bin.66.fa	TLL102	0
TLL102.bin.67.fa	TLL102	0
TLL102.bin.68.fa	TLL102	0
TLL102.bin.75.fa	TLL102	0
TLL102.bin.76.fa	TLL102	1
TLL102.bin.79.fa	TLL102	0
TLL102.bin.82.fa	TLL102	1
TLL102.bin.83.fa	TLL102	1
TLL102.bin.84.fa	TLL102	0
TLL102.bin.85.fa	TLL102	0
TLL102.bin.86.fa	TLL102	0
TLL102.bin.88.fa	TLL102	0
TLL102.bin.93.fa	TLL102	1
TLL102.bin.94.fa	TLL102	0
TLL102.bin.95.fa	TLL102	0
TLL103.bin.11.fa	TLL103	0
TLL103.bin.14.fa	TLL103	0
TLL103.bin.19.fa	TLL103	1
TLL103.bin.2.fa	TLL103	1
TLL103.bin.20.fa	TLL103	1
TLL103.bin.23.fa	TLL103	0
TLL103.bin.27.fa	TLL103	0
TLL103.bin.28.fa	TLL103	0
TLL103.bin.29.fa	TLL103	0
TLL103.bin.4.fa	TLL103	1
TLL103.bin.9.fa	TLL103	0
TLL104.bin.1.fa	TLL104	0
TLL104.bin.11.fa	TLL104	1
TLL104.bin.12.fa	TLL104	1
TLL104.bin.13.fa	TLL104	0
TLL104.bin.14.fa	TLL104	0
TLL104.bin.16.fa	TLL104	0
TLL104.bin.17.fa	TLL104	0
TLL104.bin.19.fa	TLL104	0
TLL104.bin.20.fa	TLL104	1
TLL104.bin.21.fa	TLL104	0
TLL104.bin.23.fa	TLL104	0
TLL104.bin.25.fa	TLL104	0
TLL104.bin.26.fa	TLL104	1
TLL104.bin.6.fa	TLL104	0
TLL104.bin.8.fa	TLL104	0
TLL105.bin.1.fa	TLL105	0
TLL105.bin.10.fa	TLL105	1
TLL105.bin.11.fa	TLL105	0
TLL105.bin.15.fa	TLL105	1
TLL105.bin.16.fa	TLL105	0
TLL105.bin.17.fa	TLL105	0
TLL105.bin.2.fa	TLL105	0
TLL105.bin.20.fa	TLL105	1
TLL105.bin.25.fa	TLL105	0
TLL105.bin.26.fa	TLL105	1
TLL105.bin.3.fa	TLL105	1
TLL105.bin.6.fa	TLL105	0
TLL105.bin.7.fa	TLL105	0
TLL105.bin.8.fa	TLL105	1
TLL106.bin.14.fa	TLL106	0
TLL106.bin.18.fa	TLL106	0
TLL106.bin.19.fa	TLL106	0
TLL106.bin.21.fa	TLL106	1
TLL106.bin.22.fa	TLL106	0
TLL106.bin.23.fa	TLL106	0
TLL106.bin.25.fa	TLL106	0
TLL106.bin.26.fa	TLL106	0
TLL106.bin.27.fa	TLL106	0
TLL106.bin.28.fa	TLL106	0
TLL106.bin.3.fa	TLL106	0
TLL106.bin.30.fa	TLL106	0
TLL106.bin.31.fa	TLL106	0
TLL106.bin.32.fa	TLL106	0
TLL106.bin.33.fa	TLL106	0
TLL106.bin.34.fa	TLL106	0
TLL106.bin.4.fa	TLL106	0
TLL106.bin.41.fa	TLL106	1
TLL106.bin.43.fa	TLL106	1
TLL106.bin.44.fa	TLL106	1
TLL106.bin.47.fa	TLL106	1
TLL106.bin.48.fa	TLL106	1
TLL106.bin.5.fa	TLL106	0
TLL106.bin.51.fa	TLL106	1
TLL106.bin.6.fa	TLL106	0
TLL106.bin.8.fa	TLL106	0
TLL106.bin.9.fa	TLL106	0
TLL107.bin.1.fa	TLL107	0
TLL107.bin.12.fa	TLL107	1
TLL107.bin.14.fa	TLL107	1
TLL107.bin.16.fa	TLL107	0
TLL107.bin.17.fa	TLL107	0
TLL107.bin.18.fa	TLL107	1
TLL107.bin.19.fa	TLL107	0
TLL107.bin.20.fa	TLL107	0
TLL107.bin.21.fa	TLL107	0
TLL107.bin.25.fa	TLL107	0
TLL107.bin.26.fa	TLL107	1
TLL107.bin.8.fa	TLL107	1
TLL107.bin.9.fa	TLL107	1
TLL108.bin.1.fa	TLL108	0
TLL108.bin.13.fa	TLL108	0
TLL108.bin.14.fa	TLL108	0
TLL108.bin.17.fa	TLL108	0
TLL108.bin.18.fa	TLL108	0
TLL108.bin.19.fa	TLL108	0
TLL108.bin.2.fa	TLL108	0
TLL108.bin.22.fa	TLL108	0
TLL108.bin.26.fa	TLL108	1
TLL108.bin.27.fa	TLL108	1
TLL108.bin.3.fa	TLL108	0
TLL108.bin.5.fa	TLL108	0
TLL108.bin.6.fa	TLL108	0
TLL108.bin.7.fa	TLL108	1
TLL109.bin.1.fa	TLL109	1
TLL109.bin.10.fa	TLL109	1
TLL109.bin.12.fa	TLL109	0
TLL109.bin.14.fa	TLL109	1
TLL109.bin.3.fa	TLL109	0
TLL109.bin.4.fa	TLL109	0
TLL109.bin.5.fa	TLL109	0
TLL109.bin.6.fa	TLL109	0
TLL11.bin.11.fa	TLL11	1
TLL11.bin.12.fa	TLL11	0
TLL11.bin.13.fa	TLL11	1
TLL11.bin.16.fa	TLL11	0
TLL11.bin.19.fa	TLL11	1
TLL11.bin.20.fa	TLL11	0
TLL11.bin.21.fa	TLL11	0
TLL11.bin.25.fa	TLL11	0
TLL11.bin.27.fa	TLL11	0
TLL11.bin.3.fa	TLL11	0
TLL11.bin.36.fa	TLL11	0
TLL11.bin.39.fa	TLL11	1
TLL11.bin.4.fa	TLL11	0
TLL11.bin.42.fa	TLL11	0
TLL11.bin.45.fa	TLL11	1
TLL11.bin.46.fa	TLL11	1
TLL11.bin.47.fa	TLL11	1
TLL11.bin.5.fa	TLL11	1
TLL11.bin.50.fa	TLL11	0
TLL11.bin.53.fa	TLL11	0
TLL11.bin.60.fa	TLL11	0
TLL11.bin.62.fa	TLL11	0
TLL11.bin.63.fa	TLL11	0
TLL11.bin.64.fa	TLL11	0
TLL11.bin.8.fa	TLL11	0
TLL11.bin.9.fa	TLL11	1
TLL12.bin.1.fa	TLL12	0
TLL12.bin.11.fa	TLL12	0
TLL12.bin.12.fa	TLL12	0
TLL12.bin.14.fa	TLL12	1
TLL12.bin.15.fa	TLL12	1
TLL12.bin.17.fa	TLL12	0
TLL12.bin.18.fa	TLL12	1
TLL12.bin.19.fa	TLL12	1
TLL12.bin.20.fa	TLL12	0
TLL12.bin.21.fa	TLL12	0
TLL12.bin.24.fa	TLL12	0
TLL12.bin.26.fa	TLL12	0
TLL12.bin.27.fa	TLL12	0
TLL12.bin.29.fa	TLL12	0
TLL12.bin.30.fa	TLL12	1
TLL12.bin.33.fa	TLL12	1
TLL12.bin.35.fa	TLL12	0
TLL12.bin.36.fa	TLL12	1
TLL12.bin.37.fa	TLL12	0
TLL12.bin.4.fa	TLL12	0
TLL12.bin.40.fa	TLL12	0
TLL12.bin.42.fa	TLL12	0
TLL12.bin.5.fa	TLL12	1
TLL12.bin.53.fa	TLL12	0
TLL12.bin.6.fa	TLL12	1
TLL12.bin.7.fa	TLL12	0
TLL13.bin.1.fa	TLL13	0
TLL13.bin.11.fa	TLL13	0
TLL13.bin.12.fa	TLL13	0
TLL13.bin.13.fa	TLL13	0
TLL13.bin.15.fa	TLL13	1
TLL13.bin.18.fa	TLL13	1
TLL13.bin.22.fa	TLL13	0
TLL13.bin.25.fa	TLL13	0
TLL13.bin.26.fa	TLL13	0
TLL13.bin.27.fa	TLL13	0
TLL13.bin.28.fa	TLL13	0
TLL13.bin.32.fa	TLL13	0
TLL13.bin.33.fa	TLL13	1
TLL13.bin.34.fa	TLL13	0
TLL13.bin.36.fa	TLL13	0
TLL13.bin.37.fa	TLL13	0
TLL13.bin.38.fa	TLL13	0
TLL13.bin.39.fa	TLL13	1
TLL13.bin.40.fa	TLL13	0
TLL13.bin.45.fa	TLL13	0
TLL13.bin.48.fa	TLL13	1
TLL13.bin.49.fa	TLL13	1
TLL13.bin.5.fa	TLL13	0
TLL13.bin.50.fa	TLL13	0
TLL13.bin.51.fa	TLL13	0
TLL13.bin.52.fa	TLL13	0
TLL13.bin.53.fa	TLL13	0
TLL13.bin.56.fa	TLL13	1
TLL13.bin.58.fa	TLL13	0
TLL13.bin.60.fa	TLL13	0
TLL13.bin.8.fa	TLL13	0
TLL13.bin.9.fa	TLL13	0
TLL14.bin.13.fa	TLL14	1
TLL14.bin.15.fa	TLL14	0
TLL14.bin.18.fa	TLL14	0
TLL14.bin.19.fa	TLL14	1
TLL14.bin.20.fa	TLL14	1
TLL14.bin.21.fa	TLL14	1
TLL14.bin.28.fa	TLL14	0
TLL14.bin.29.fa	TLL14	0
TLL14.bin.3.fa	TLL14	0
TLL14.bin.32.fa	TLL14	0
TLL14.bin.34.fa	TLL14	0
TLL14.bin.35.fa	TLL14	0
TLL14.bin.36.fa	TLL14	0
TLL14.bin.38.fa	TLL14	0
TLL14.bin.40.fa	TLL14	1
TLL14.bin.43.fa	TLL14	0
TLL14.bin.45.fa	TLL14	0
TLL14.bin.48.fa	TLL14	0
TLL14.bin.50.fa	TLL14	0
TLL14.bin.53.fa	TLL14	0
TLL14.bin.55.fa	TLL14	0
TLL14.bin.56.fa	TLL14	0
TLL14.bin.57.fa	TLL14	0
TLL14.bin.6.fa	TLL14	0
TLL14.bin.9.fa	TLL14	0
TLL15.bin.1.fa	TLL15	1
TLL15.bin.11.fa	TLL15	0
TLL15.bin.12.fa	TLL15	1
TLL15.bin.15.fa	TLL15	0
TLL15.bin.16.fa	TLL15	1
TLL15.bin.18.fa	TLL15	0
TLL15.bin.21.fa	TLL15	0
TLL15.bin.23.fa	TLL15	0
TLL15.bin.24.fa	TLL15	0
TLL15.bin.28.fa	TLL15	1
TLL15.bin.29.fa	TLL15	1
TLL15.bin.3.fa	TLL15	1
TLL15.bin.30.fa	TLL15	1
TLL15.bin.31.fa	TLL15	1
TLL15.bin.33.fa	TLL15	0
TLL15.bin.37.fa	TLL15	1
TLL15.bin.39.fa	TLL15	0
TLL15.bin.5.fa	TLL15	0
TLL15.bin.6.fa	TLL15	0
TLL15.bin.9.fa	TLL15	1
TLL16.bin.1.fa	TLL16	1
TLL16.bin.11.fa	TLL16	1
TLL16.bin.13.fa	TLL16	0
TLL16.bin.16.fa	TLL16	0
TLL16.bin.17.fa	TLL16	1
TLL16.bin.19.fa	TLL16	0
TLL16.bin.21.fa	TLL16	0
TLL16.bin.22.fa	TLL16	0
TLL16.bin.23.fa	TLL16	1
TLL16.bin.25.fa	TLL16	0
TLL16.bin.26.fa	TLL16	1
TLL16.bin.28.fa	TLL16	0
TLL16.bin.32.fa	TLL16	0
TLL16.bin.33.fa	TLL16	1
TLL16.bin.34.fa	TLL16	0
TLL16.bin.36.fa	TLL16	0
TLL16.bin.4.fa	TLL16	1
TLL16.bin.40.fa	TLL16	0
TLL16.bin.42.fa	TLL16	0
TLL16.bin.44.fa	TLL16	1
TLL16.bin.45.fa	TLL16	0
TLL16.bin.52.fa	TLL16	0
TLL16.bin.53.fa	TLL16	0
TLL16.bin.56.fa	TLL16	1
TLL16.bin.57.fa	TLL16	1
TLL16.bin.58.fa	TLL16	0
TLL16.bin.59.fa	TLL16	1
TLL16.bin.6.fa	TLL16	0
TLL16.bin.60.fa	TLL16	0
TLL16.bin.61.fa	TLL16	0
TLL16.bin.63.fa	TLL16	1
TLL16.bin.64.fa	TLL16	0
TLL16.bin.65.fa	TLL16	0
TLL16.bin.8.fa	TLL16	0
TLL16.bin.9.fa	TLL16	1
TLL17.bin.1.fa	TLL17	0
TLL17.bin.10.fa	TLL17	0
TLL17.bin.14.fa	TLL17	0
TLL17.bin.15.fa	TLL17	0
TLL17.bin.18.fa	TLL17	1
TLL17.bin.22.fa	TLL17	0
TLL17.bin.25.fa	TLL17	0
TLL17.bin.27.fa	TLL17	0
TLL17.bin.3.fa	TLL17	1
TLL17.bin.30.fa	TLL17	0
TLL17.bin.31.fa	TLL17	0
TLL17.bin.33.fa	TLL17	0
TLL17.bin.35.fa	TLL17	0
TLL17.bin.37.fa	TLL17	0
TLL17.bin.40.fa	TLL17	0
TLL17.bin.43.fa	TLL17	0
TLL17.bin.45.fa	TLL17	0
TLL17.bin.46.fa	TLL17	0
TLL17.bin.48.fa	TLL17	0
TLL17.bin.52.fa	TLL17	0
TLL17.bin.53.fa	TLL17	0
TLL18.bin.1.fa	TLL18	0
TLL18.bin.12.fa	TLL18	0
TLL18.bin.16.fa	TLL18	0
TLL18.bin.17.fa	TLL18	0
TLL18.bin.20.fa	TLL18	0
TLL18.bin.23.fa	TLL18	1
TLL18.bin.25.fa	TLL18	0
TLL18.bin.26.fa	TLL18	1
TLL18.bin.28.fa	TLL18	1
TLL18.bin.31.fa	TLL18	0
TLL18.bin.35.fa	TLL18	0
TLL18.bin.36.fa	TLL18	1
TLL18.bin.37.fa	TLL18	0
TLL18.bin.38.fa	TLL18	0
TLL18.bin.39.fa	TLL18	0
TLL18.bin.4.fa	TLL18	1
TLL18.bin.41.fa	TLL18	0
TLL18.bin.42.fa	TLL18	1
TLL18.bin.43.fa	TLL18	1
TLL18.bin.5.fa	TLL18	0
TLL18.bin.50.fa	TLL18	0
TLL18.bin.53.fa	TLL18	1
TLL18.bin.54.fa	TLL18	0
TLL18.bin.55.fa	TLL18	0
TLL18.bin.56.fa	TLL18	0
TLL18.bin.57.fa	TLL18	1
TLL18.bin.61.fa	TLL18	1
TLL18.bin.63.fa	TLL18	1
TLL18.bin.64.fa	TLL18	0
TLL18.bin.68.fa	TLL18	1
TLL18.bin.69.fa	TLL18	0
TLL18.bin.72.fa	TLL18	1
TLL18.bin.73.fa	TLL18	0
TLL18.bin.75.fa	TLL18	0
TLL18.bin.76.fa	TLL18	0
TLL18.bin.77.fa	TLL18	0
TLL18.bin.80.fa	TLL18	0
TLL19.bin.10.fa	TLL19	1
TLL19.bin.11.fa	TLL19	0
TLL19.bin.12.fa	TLL19	1
TLL19.bin.13.fa	TLL19	0
TLL19.bin.14.fa	TLL19	0
TLL19.bin.2.fa	TLL19	1
TLL19.bin.20.fa	TLL19	1
TLL19.bin.21.fa	TLL19	0
TLL19.bin.24.fa	TLL19	0
TLL19.bin.25.fa	TLL19	0
TLL19.bin.26.fa	TLL19	0
TLL19.bin.30.fa	TLL19	0
TLL19.bin.33.fa	TLL19	1
TLL19.bin.34.fa	TLL19	1
TLL19.bin.37.fa	TLL19	1
TLL19.bin.4.fa	TLL19	0
TLL19.bin.42.fa	TLL19	0
TLL19.bin.5.fa	TLL19	0
TLL19.bin.7.fa	TLL19	1
TLL19.bin.9.fa	TLL19	0
TLL20.bin.13.fa	TLL20	1
TLL20.bin.2.fa	TLL20	0
TLL20.bin.20.fa	TLL20	0
TLL20.bin.22.fa	TLL20	0
TLL20.bin.23.fa	TLL20	0
TLL20.bin.25.fa	TLL20	1
TLL20.bin.26.fa	TLL20	1
TLL20.bin.27.fa	TLL20	1
TLL20.bin.28.fa	TLL20	0
TLL20.bin.31.fa	TLL20	0
TLL20.bin.32.fa	TLL20	0
TLL20.bin.33.fa	TLL20	0
TLL20.bin.41.fa	TLL20	1
TLL20.bin.44.fa	TLL20	0
TLL20.bin.46.fa	TLL20	0
TLL20.bin.49.fa	TLL20	0
TLL20.bin.5.fa	TLL20	0
TLL20.bin.50.fa	TLL20	1
TLL20.bin.52.fa	TLL20	0
TLL20.bin.53.fa	TLL20	0
TLL20.bin.54.fa	TLL20	0
TLL20.bin.57.fa	TLL20	0
TLL20.bin.58.fa	TLL20	0
TLL20.bin.59.fa	TLL20	1
TLL20.bin.60.fa	TLL20	0
TLL20.bin.62.fa	TLL20	0
TLL20.bin.8.fa	TLL20	0
TLL20.bin.9.fa	TLL20	0
TLL21.bin.11.fa	TLL21	1
TLL21.bin.13.fa	TLL21	0
TLL21.bin.15.fa	TLL21	1
TLL21.bin.16.fa	TLL21	1
TLL21.bin.17.fa	TLL21	0
TLL21.bin.19.fa	TLL21	1
TLL21.bin.2.fa	TLL21	0
TLL21.bin.24.fa	TLL21	0
TLL21.bin.25.fa	TLL21	1
TLL21.bin.26.fa	TLL21	1
TLL21.bin.27.fa	TLL21	0
TLL21.bin.28.fa	TLL21	0
TLL21.bin.29.fa	TLL21	0
TLL21.bin.3.fa	TLL21	1
TLL21.bin.33.fa	TLL21	0
TLL21.bin.38.fa	TLL21	0
TLL21.bin.39.fa	TLL21	0
TLL21.bin.40.fa	TLL21	1
TLL21.bin.42.fa	TLL21	0
TLL21.bin.45.fa	TLL21	0
TLL21.bin.6.fa	TLL21	0
TLL21.bin.7.fa	TLL21	0
TLL22.bin.11.fa	TLL22	1
TLL22.bin.13.fa	TLL22	0
TLL22.bin.14.fa	TLL22	0
TLL22.bin.18.fa	TLL22	0
TLL22.bin.19.fa	TLL22	0
TLL22.bin.2.fa	TLL22	1
TLL22.bin.22.fa	TLL22	1
TLL22.bin.24.fa	TLL22	0
TLL22.bin.29.fa	TLL22	1
TLL22.bin.30.fa	TLL22	0
TLL22.bin.34.fa	TLL22	1
TLL22.bin.35.fa	TLL22	0
TLL22.bin.36.fa	TLL22	0
TLL22.bin.40.fa	TLL22	0
TLL22.bin.41.fa	TLL22	0
TLL22.bin.45.fa	TLL22	0
TLL22.bin.8.fa	TLL22	0
TLL23.bin.10.fa	TLL23	0
TLL23.bin.11.fa	TLL23	1
TLL23.bin.12.fa	TLL23	0
TLL23.bin.14.fa	TLL23	1
TLL23.bin.16.fa	TLL23	0
TLL23.bin.17.fa	TLL23	1
TLL23.bin.20.fa	TLL23	1
TLL23.bin.21.fa	TLL23	0
TLL23.bin.22.fa	TLL23	0
TLL23.bin.25.fa	TLL23	0
TLL23.bin.26.fa	TLL23	0
TLL23.bin.27.fa	TLL23	1
TLL23.bin.28.fa	TLL23	0
TLL23.bin.3.fa	TLL23	0
TLL23.bin.30.fa	TLL23	0
TLL23.bin.32.fa	TLL23	1
TLL23.bin.34.fa	TLL23	1
TLL23.bin.37.fa	TLL23	1
TLL23.bin.38.fa	TLL23	0
TLL23.bin.4.fa	TLL23	1
TLL23.bin.40.fa	TLL23	0
TLL23.bin.43.fa	TLL23	1
TLL23.bin.45.fa	TLL23	0
TLL23.bin.49.fa	TLL23	0
TLL23.bin.50.fa	TLL23	0
TLL23.bin.51.fa	TLL23	1
TLL23.bin.52.fa	TLL23	0
TLL23.bin.53.fa	TLL23	0
TLL23.bin.54.fa	TLL23	0
TLL23.bin.56.fa	TLL23	1
TLL23.bin.57.fa	TLL23	0
TLL23.bin.61.fa	TLL23	1
TLL23.bin.62.fa	TLL23	1
TLL23.bin.7.fa	TLL23	1
TLL23.bin.8.fa	TLL23	0
TLL24.bin.10.fa	TLL24	0
TLL24.bin.11.fa	TLL24	0
TLL24.bin.12.fa	TLL24	0
TLL24.bin.14.fa	TLL24	1
TLL24.bin.16.fa	TLL24	0
TLL24.bin.18.fa	TLL24	0
TLL24.bin.20.fa	TLL24	0
TLL24.bin.22.fa	TLL24	1
TLL24.bin.23.fa	TLL24	1
TLL24.bin.24.fa	TLL24	0
TLL24.bin.25.fa	TLL24	0
TLL24.bin.27.fa	TLL24	1
TLL24.bin.28.fa	TLL24	1
TLL24.bin.29.fa	TLL24	0
TLL24.bin.30.fa	TLL24	0
TLL24.bin.33.fa	TLL24	1
TLL24.bin.38.fa	TLL24	1
TLL24.bin.39.fa	TLL24	0
TLL24.bin.4.fa	TLL24	1
TLL24.bin.7.fa	TLL24	1
TLL24.bin.8.fa	TLL24	0
TLL24.bin.9.fa	TLL24	0
TLL25.bin.1.fa	TLL25	0
TLL25.bin.10.fa	TLL25	0
TLL25.bin.16.fa	TLL25	1
TLL25.bin.23.fa	TLL25	1
TLL25.bin.25.fa	TLL25	1
TLL25.bin.26.fa	TLL25	0
TLL25.bin.27.fa	TLL25	1
TLL25.bin.29.fa	TLL25	0
TLL25.bin.30.fa	TLL25	0
TLL25.bin.34.fa	TLL25	1
TLL25.bin.35.fa	TLL25	1
TLL25.bin.41.fa	TLL25	0
TLL25.bin.42.fa	TLL25	0
TLL25.bin.43.fa	TLL25	0
TLL25.bin.44.fa	TLL25	0
TLL25.bin.47.fa	TLL25	0
TLL25.bin.48.fa	TLL25	1
TLL25.bin.49.fa	TLL25	0
TLL25.bin.53.fa	TLL25	0
TLL25.bin.56.fa	TLL25	0
TLL25.bin.59.fa	TLL25	1
TLL25.bin.61.fa	TLL25	0
TLL25.bin.7.fa	TLL25	1
TLL25.bin.8.fa	TLL25	0
TLL26.bin.1.fa	TLL26	0
TLL26.bin.14.fa	TLL26	0
TLL26.bin.15.fa	TLL26	0
TLL26.bin.16.fa	TLL26	0
TLL26.bin.17.fa	TLL26	0
TLL26.bin.20.fa	TLL26	0
TLL26.bin.24.fa	TLL26	0
TLL26.bin.29.fa	TLL26	0
TLL26.bin.3.fa	TLL26	0
TLL26.bin.30.fa	TLL26	1
TLL26.bin.32.fa	TLL26	0
TLL26.bin.34.fa	TLL26	0
TLL26.bin.36.fa	TLL26	0
TLL26.bin.37.fa	TLL26	1
TLL26.bin.40.fa	TLL26	0
TLL26.bin.41.fa	TLL26	0
TLL26.bin.42.fa	TLL26	1
TLL26.bin.43.fa	TLL26	1
TLL26.bin.44.fa	TLL26	0
TLL26.bin.45.fa	TLL26	1
TLL26.bin.46.fa	TLL26	0
TLL26.bin.48.fa	TLL26	0
TLL26.bin.49.fa	TLL26	0
TLL26.bin.5.fa	TLL26	0
TLL26.bin.50.fa	TLL26	0
TLL26.bin.51.fa	TLL26	0
TLL26.bin.53.fa	TLL26	1
TLL26.bin.55.fa	TLL26	1
TLL26.bin.57.fa	TLL26	0
TLL26.bin.59.fa	TLL26	0
TLL26.bin.6.fa	TLL26	1
TLL26.bin.60.fa	TLL26	0
TLL26.bin.61.fa	TLL26	1
TLL26.bin.62.fa	TLL26	1
TLL27.bin.1.fa	TLL27	1
TLL27.bin.12.fa	TLL27	0
TLL27.bin.13.fa	TLL27	1
TLL27.bin.15.fa	TLL27	1
TLL27.bin.17.fa	TLL27	0
TLL27.bin.19.fa	TLL27	0
TLL27.bin.21.fa	TLL27	0
TLL27.bin.23.fa	TLL27	1
TLL27.bin.26.fa	TLL27	0
TLL27.bin.27.fa	TLL27	0
TLL27.bin.29.fa	TLL27	0
TLL27.bin.30.fa	TLL27	0
TLL27.bin.31.fa	TLL27	0
TLL27.bin.34.fa	TLL27	1
TLL27.bin.36.fa	TLL27	1
TLL27.bin.37.fa	TLL27	0
TLL27.bin.38.fa	TLL27	1
TLL27.bin.4.fa	TLL27	0
TLL27.bin.40.fa	TLL27	1
TLL27.bin.41.fa	TLL27	0
TLL27.bin.45.fa	TLL27	1
TLL27.bin.47.fa	TLL27	0
TLL27.bin.48.fa	TLL27	0
TLL27.bin.5.fa	TLL27	0
TLL27.bin.53.fa	TLL27	0
TLL27.bin.8.fa	TLL27	1
TLL28.bin.10.fa	TLL28	0
TLL28.bin.12.fa	TLL28	0
TLL28.bin.15.fa	TLL28	0
TLL28.bin.18.fa	TLL28	0
TLL28.bin.19.fa	TLL28	0
TLL28.bin.2.fa	TLL28	0
TLL28.bin.20.fa	TLL28	0
TLL28.bin.21.fa	TLL28	1
TLL28.bin.23.fa	TLL28	0
TLL28.bin.24.fa	TLL28	1
TLL28.bin.26.fa	TLL28	0
TLL28.bin.28.fa	TLL28	0
TLL28.bin.3.fa	TLL28	0
TLL28.bin.30.fa	TLL28	0
TLL28.bin.31.fa	TLL28	0
TLL28.bin.32.fa	TLL28	1
TLL28.bin.33.fa	TLL28	0
TLL28.bin.34.fa	TLL28	0
TLL28.bin.36.fa	TLL28	0
TLL28.bin.37.fa	TLL28	0
TLL28.bin.38.fa	TLL28	0
TLL28.bin.40.fa	TLL28	0
TLL28.bin.41.fa	TLL28	0
TLL28.bin.43.fa	TLL28	1
TLL28.bin.44.fa	TLL28	0
TLL28.bin.5.fa	TLL28	1
TLL28.bin.50.fa	TLL28	0
TLL28.bin.56.fa	TLL28	1
TLL28.bin.60.fa	TLL28	0
TLL28.bin.62.fa	TLL28	0
TLL28.bin.63.fa	TLL28	0
TLL28.bin.66.fa	TLL28	0
TLL28.bin.67.fa	TLL28	0
TLL28.bin.7.fa	TLL28	1
TLL28.bin.71.fa	TLL28	0
TLL29.bin.13.fa	TLL29	1
TLL29.bin.17.fa	TLL29	1
TLL29.bin.18.fa	TLL29	0
TLL29.bin.19.fa	TLL29	0
TLL29.bin.20.fa	TLL29	1
TLL29.bin.21.fa	TLL29	0
TLL29.bin.24.fa	TLL29	0
TLL29.bin.3.fa	TLL29	1
TLL29.bin.30.fa	TLL29	0
TLL29.bin.31.fa	TLL29	1
TLL29.bin.33.fa	TLL29	0
TLL29.bin.34.fa	TLL29	0
TLL29.bin.36.fa	TLL29	1
TLL29.bin.38.fa	TLL29	0
TLL29.bin.40.fa	TLL29	0
TLL29.bin.44.fa	TLL29	1
TLL29.bin.49.fa	TLL29	0
TLL29.bin.50.fa	TLL29	0
TLL29.bin.51.fa	TLL29	1
TLL29.bin.52.fa	TLL29	0
TLL29.bin.54.fa	TLL29	1
TLL29.bin.55.fa	TLL29	0
TLL29.bin.56.fa	TLL29	0
TLL29.bin.6.fa	TLL29	0
TLL29.bin.60.fa	TLL29	0
TLL29.bin.7.fa	TLL29	1
TLL29.bin.9.fa	TLL29	0
TLL30.bin.100.fa	TLL30	0
TLL30.bin.12.fa	TLL30	0
TLL30.bin.14.fa	TLL30	0
TLL30.bin.16.fa	TLL30	0
TLL30.bin.18.fa	TLL30	1
TLL30.bin.25.fa	TLL30	0
TLL30.bin.26.fa	TLL30	0
TLL30.bin.28.fa	TLL30	0
TLL30.bin.30.fa	TLL30	1
TLL30.bin.31.fa	TLL30	1
TLL30.bin.32.fa	TLL30	0
TLL30.bin.34.fa	TLL30	0
TLL30.bin.35.fa	TLL30	1
TLL30.bin.39.fa	TLL30	1
TLL30.bin.40.fa	TLL30	0
TLL30.bin.41.fa	TLL30	0
TLL30.bin.42.fa	TLL30	0
TLL30.bin.43.fa	TLL30	0
TLL30.bin.45.fa	TLL30	0
TLL30.bin.46.fa	TLL30	0
TLL30.bin.47.fa	TLL30	0
TLL30.bin.49.fa	TLL30	0
TLL30.bin.5.fa	TLL30	0
TLL30.bin.52.fa	TLL30	0
TLL30.bin.54.fa	TLL30	0
TLL30.bin.55.fa	TLL30	1
TLL30.bin.57.fa	TLL30	0
TLL30.bin.59.fa	TLL30	0
TLL30.bin.60.fa	TLL30	0
TLL30.bin.63.fa	TLL30	0
TLL30.bin.66.fa	TLL30	1
TLL30.bin.7.fa	TLL30	0
TLL30.bin.70.fa	TLL30	0
TLL30.bin.73.fa	TLL30	0
TLL30.bin.74.fa	TLL30	0
TLL30.bin.75.fa	TLL30	1
TLL30.bin.76.fa	TLL30	0
TLL30.bin.82.fa	TLL30	1
TLL30.bin.83.fa	TLL30	0
TLL30.bin.85.fa	TLL30	0
TLL30.bin.86.fa	TLL30	0
TLL30.bin.87.fa	TLL30	0
TLL30.bin.9.fa	TLL30	0
TLL30.bin.90.fa	TLL30	0
TLL30.bin.92.fa	TLL30	0
TLL30.bin.96.fa	TLL30	1
TLL30.bin.97.fa	TLL30	0
TLL31.bin.10.fa	TLL31	0
TLL31.bin.12.fa	TLL31	0
TLL31.bin.13.fa	TLL31	0
TLL31.bin.17.fa	TLL31	0
TLL31.bin.2.fa	TLL31	1
TLL31.bin.26.fa	TLL31	1
TLL31.bin.27.fa	TLL31	1
TLL31.bin.29.fa	TLL31	0
TLL31.bin.30.fa	TLL31	1
TLL31.bin.33.fa	TLL31	0
TLL31.bin.35.fa	TLL31	0
TLL31.bin.36.fa	TLL31	0
TLL31.bin.37.fa	TLL31	0
TLL31.bin.38.fa	TLL31	0
TLL31.bin.39.fa	TLL31	0
TLL31.bin.40.fa	TLL31	0
TLL31.bin.41.fa	TLL31	1
TLL31.bin.43.fa	TLL31	1
TLL31.bin.45.fa	TLL31	0
TLL31.bin.46.fa	TLL31	0
TLL31.bin.48.fa	TLL31	0
TLL31.bin.51.fa	TLL31	1
TLL31.bin.53.fa	TLL31	0
TLL31.bin.55.fa	TLL31	0
TLL31.bin.61.fa	TLL31	1
TLL31.bin.62.fa	TLL31	0
TLL31.bin.64.fa	TLL31	0
TLL31.bin.65.fa	TLL31	0
TLL31.bin.66.fa	TLL31	0
TLL31.bin.7.fa	TLL31	0
TLL31.bin.71.fa	TLL31	0
TLL31.bin.72.fa	TLL31	0
TLL31.bin.75.fa	TLL31	0
TLL31.bin.76.fa	TLL31	0
TLL31.bin.77.fa	TLL31	0
TLL31.bin.78.fa	TLL31	1
TLL31.bin.79.fa	TLL31	0
TLL31.bin.80.fa	TLL31	0
TLL31.bin.81.fa	TLL31	0
TLL31.bin.9.fa	TLL31	0
TLL32.bin.1.fa	TLL32	0
TLL32.bin.12.fa	TLL32	0
TLL32.bin.14.fa	TLL32	0
TLL32.bin.15.fa	TLL32	1
TLL32.bin.16.fa	TLL32	0
TLL32.bin.17.fa	TLL32	1
TLL32.bin.21.fa	TLL32	1
TLL32.bin.22.fa	TLL32	0
TLL32.bin.3.fa	TLL32	0
TLL32.bin.4.fa	TLL32	0
TLL32.bin.7.fa	TLL32	0
TLL32.bin.8.fa	TLL32	0
TLL33.bin.10.fa	TLL33	0
TLL33.bin.14.fa	TLL33	1
TLL33.bin.16.fa	TLL33	0
TLL33.bin.18.fa	TLL33	0
TLL33.bin.19.fa	TLL33	1
TLL33.bin.22.fa	TLL33	0
TLL33.bin.24.fa	TLL33	0
TLL33.bin.25.fa	TLL33	0
TLL33.bin.30.fa	TLL33	0
TLL33.bin.31.fa	TLL33	0
TLL33.bin.36.fa	TLL33	0
TLL33.bin.37.fa	TLL33	1
TLL33.bin.39.fa	TLL33	0
TLL33.bin.41.fa	TLL33	0
TLL33.bin.42.fa	TLL33	1
TLL33.bin.46.fa	TLL33	0
TLL33.bin.47.fa	TLL33	0
TLL33.bin.7.fa	TLL33	0
TLL33.bin.9.fa	TLL33	1
TLL34.bin.10.fa	TLL34	1
TLL34.bin.11.fa	TLL34	0
TLL34.bin.13.fa	TLL34	0
TLL34.bin.16.fa	TLL34	1
TLL34.bin.17.fa	TLL34	0
TLL34.bin.19.fa	TLL34	0
TLL34.bin.22.fa	TLL34	0
TLL34.bin.26.fa	TLL34	0
TLL34.bin.27.fa	TLL34	0
TLL34.bin.34.fa	TLL34	0
TLL34.bin.35.fa	TLL34	0
TLL34.bin.4.fa	TLL34	0
TLL34.bin.41.fa	TLL34	0
TLL34.bin.42.fa	TLL34	0
TLL34.bin.47.fa	TLL34	1
TLL34.bin.5.fa	TLL34	1
TLL34.bin.6.fa	TLL34	0
TLL34.bin.7.fa	TLL34	0
TLL34.bin.8.fa	TLL34	0
TLL35.bin.1.fa	TLL35	0
TLL35.bin.12.fa	TLL35	0
TLL35.bin.13.fa	TLL35	0
TLL35.bin.15.fa	TLL35	1
TLL35.bin.17.fa	TLL35	1
TLL35.bin.2.fa	TLL35	0
TLL35.bin.20.fa	TLL35	0
TLL35.bin.23.fa	TLL35	0
TLL35.bin.24.fa	TLL35	1
TLL35.bin.3.fa	TLL35	0
TLL35.bin.31.fa	TLL35	0
TLL35.bin.32.fa	TLL35	0
TLL35.bin.33.fa	TLL35	0
TLL35.bin.34.fa	TLL35	1
TLL35.bin.35.fa	TLL35	0
TLL35.bin.36.fa	TLL35	0
TLL35.bin.37.fa	TLL35	0
TLL35.bin.38.fa	TLL35	1
TLL35.bin.39.fa	TLL35	0
TLL35.bin.44.fa	TLL35	0
TLL35.bin.49.fa	TLL35	0
TLL35.bin.51.fa	TLL35	0
TLL35.bin.52.fa	TLL35	0
TLL35.bin.53.fa	TLL35	0
TLL35.bin.54.fa	TLL35	1
TLL35.bin.55.fa	TLL35	0
TLL35.bin.56.fa	TLL35	1
TLL35.bin.57.fa	TLL35	0
TLL35.bin.59.fa	TLL35	0
TLL35.bin.6.fa	TLL35	0
TLL35.bin.60.fa	TLL35	0
TLL35.bin.62.fa	TLL35	0
TLL35.bin.64.fa	TLL35	0
TLL35.bin.67.fa	TLL35	0
TLL35.bin.68.fa	TLL35	0
TLL35.bin.69.fa	TLL35	0
TLL35.bin.7.fa	TLL35	0
TLL35.bin.8.fa	TLL35	1
TLL36.bin.10.fa	TLL36	0
TLL36.bin.11.fa	TLL36	0
TLL36.bin.21.fa	TLL36	0
TLL36.bin.22.fa	TLL36	1
TLL36.bin.24.fa	TLL36	0
TLL36.bin.26.fa	TLL36	0
TLL36.bin.27.fa	TLL36	0
TLL36.bin.28.fa	TLL36	0
TLL36.bin.35.fa	TLL36	1
TLL36.bin.36.fa	TLL36	0
TLL36.bin.37.fa	TLL36	0
TLL36.bin.40.fa	TLL36	0
TLL36.bin.41.fa	TLL36	1
TLL36.bin.42.fa	TLL36	0
TLL36.bin.43.fa	TLL36	1
TLL36.bin.44.fa	TLL36	0
TLL36.bin.45.fa	TLL36	1
TLL36.bin.5.fa	TLL36	0
TLL36.bin.50.fa	TLL36	1
TLL36.bin.52.fa	TLL36	0
TLL36.bin.54.fa	TLL36	1
TLL36.bin.56.fa	TLL36	0
TLL36.bin.57.fa	TLL36	1
TLL36.bin.6.fa	TLL36	1
TLL36.bin.9.fa	TLL36	1
TLL37.bin.1.fa	TLL37	0
TLL37.bin.10.fa	TLL37	0
TLL37.bin.13.fa	TLL37	0
TLL37.bin.18.fa	TLL37	1
TLL37.bin.19.fa	TLL37	0
TLL37.bin.21.fa	TLL37	0
TLL37.bin.22.fa	TLL37	1
TLL37.bin.23.fa	TLL37	1
TLL37.bin.25.fa	TLL37	0
TLL37.bin.26.fa	TLL37	0
TLL37.bin.28.fa	TLL37	1
TLL37.bin.29.fa	TLL37	0
TLL37.bin.3.fa	TLL37	0
TLL37.bin.32.fa	TLL37	1
TLL37.bin.34.fa	TLL37	0
TLL37.bin.35.fa	TLL37	0
TLL37.bin.36.fa	TLL37	0
TLL37.bin.39.fa	TLL37	0
TLL37.bin.40.fa	TLL37	1
TLL37.bin.41.fa	TLL37	0
TLL37.bin.42.fa	TLL37	0
TLL37.bin.48.fa	TLL37	0
TLL37.bin.49.fa	TLL37	0
TLL37.bin.8.fa	TLL37	0
TLL38.bin.1.fa	TLL38	0
TLL38.bin.10.fa	TLL38	1
TLL38.bin.14.fa	TLL38	1
TLL38.bin.15.fa	TLL38	1
TLL38.bin.18.fa	TLL38	1
TLL38.bin.20.fa	TLL38	1
TLL38.bin.22.fa	TLL38	0
TLL38.bin.23.fa	TLL38	0
TLL38.bin.25.fa	TLL38	0
TLL38.bin.27.fa	TLL38	1
TLL38.bin.30.fa	TLL38	0
TLL38.bin.31.fa	TLL38	0
TLL38.bin.32.fa	TLL38	0
TLL38.bin.33.fa	TLL38	0
TLL38.bin.34.fa	TLL38	1
TLL38.bin.35.fa	TLL38	0
TLL38.bin.36.fa	TLL38	0
TLL38.bin.37.fa	TLL38	0
TLL38.bin.38.fa	TLL38	0
TLL38.bin.39.fa	TLL38	0
TLL38.bin.4.fa	TLL38	0
TLL38.bin.40.fa	TLL38	0
TLL38.bin.44.fa	TLL38	1
TLL38.bin.45.fa	TLL38	0
TLL38.bin.46.fa	TLL38	0
TLL38.bin.49.fa	TLL38	0
TLL38.bin.5.fa	TLL38	1
TLL38.bin.51.fa	TLL38	0
TLL39.bin.10.fa	TLL39	0
TLL39.bin.12.fa	TLL39	1
TLL39.bin.13.fa	TLL39	0
TLL39.bin.16.fa	TLL39	0
TLL39.bin.17.fa	TLL39	1
TLL39.bin.18.fa	TLL39	0
TLL39.bin.21.fa	TLL39	0
TLL39.bin.24.fa	TLL39	0
TLL39.bin.25.fa	TLL39	0
TLL39.bin.27.fa	TLL39	0
TLL39.bin.28.fa	TLL39	0
TLL39.bin.3.fa	TLL39	0
TLL39.bin.32.fa	TLL39	0
TLL39.bin.33.fa	TLL39	1
TLL39.bin.34.fa	TLL39	0
TLL39.bin.35.fa	TLL39	0
TLL39.bin.38.fa	TLL39	0
TLL39.bin.39.fa	TLL39	1
TLL39.bin.40.fa	TLL39	0
TLL39.bin.42.fa	TLL39	1
TLL39.bin.43.fa	TLL39	0
TLL39.bin.47.fa	TLL39	1
TLL39.bin.49.fa	TLL39	0
TLL39.bin.5.fa	TLL39	1
TLL39.bin.52.fa	TLL39	1
TLL39.bin.53.fa	TLL39	0
TLL39.bin.55.fa	TLL39	0
TLL39.bin.56.fa	TLL39	0
TLL39.bin.65.fa	TLL39	1
TLL39.bin.66.fa	TLL39	0
TLL39.bin.68.fa	TLL39	1
TLL39.bin.7.fa	TLL39	0
TLL39.bin.70.fa	TLL39	0
TLL39.bin.8.fa	TLL39	0
TLL40.bin.10.fa	TLL40	1
TLL40.bin.12.fa	TLL40	0
TLL40.bin.15.fa	TLL40	0
TLL40.bin.19.fa	TLL40	0
TLL40.bin.21.fa	TLL40	0
TLL40.bin.22.fa	TLL40	0
TLL40.bin.23.fa	TLL40	0
TLL40.bin.28.fa	TLL40	1
TLL40.bin.3.fa	TLL40	0
TLL40.bin.30.fa	TLL40	1
TLL40.bin.33.fa	TLL40	0
TLL40.bin.35.fa	TLL40	1
TLL40.bin.36.fa	TLL40	1
TLL40.bin.40.fa	TLL40	1
TLL40.bin.41.fa	TLL40	0
TLL40.bin.43.fa	TLL40	0
TLL40.bin.47.fa	TLL40	0
TLL40.bin.48.fa	TLL40	0
TLL40.bin.49.fa	TLL40	1
TLL40.bin.5.fa	TLL40	1
TLL40.bin.56.fa	TLL40	0
TLL40.bin.57.fa	TLL40	0
TLL40.bin.58.fa	TLL40	0
TLL40.bin.59.fa	TLL40	0
TLL40.bin.60.fa	TLL40	0
TLL40.bin.62.fa	TLL40	1
TLL40.bin.63.fa	TLL40	0
TLL40.bin.65.fa	TLL40	0
TLL40.bin.66.fa	TLL40	0
TLL40.bin.67.fa	TLL40	1
TLL40.bin.69.fa	TLL40	0
TLL40.bin.7.fa	TLL40	0
TLL40.bin.72.fa	TLL40	1
TLL40.bin.74.fa	TLL40	0
TLL40.bin.76.fa	TLL40	0
TLL40.bin.8.fa	TLL40	1
TLL40.bin.81.fa	TLL40	0
TLL40.bin.82.fa	TLL40	0
TLL40.bin.9.fa	TLL40	1
TLL41.bin.11.fa	TLL41	1
TLL41.bin.14.fa	TLL41	1
TLL41.bin.15.fa	TLL41	0
TLL41.bin.18.fa	TLL41	0
TLL41.bin.2.fa	TLL41	1
TLL41.bin.20.fa	TLL41	1
TLL41.bin.22.fa	TLL41	0
TLL41.bin.24.fa	TLL41	1
TLL41.bin.27.fa	TLL41	0
TLL41.bin.28.fa	TLL41	0
TLL41.bin.29.fa	TLL41	1
TLL41.bin.3.fa	TLL41	0
TLL41.bin.31.fa	TLL41	0
TLL41.bin.35.fa	TLL41	0
TLL41.bin.36.fa	TLL41	0
TLL41.bin.37.fa	TLL41	0
TLL41.bin.38.fa	TLL41	0
TLL41.bin.39.fa	TLL41	1
TLL41.bin.4.fa	TLL41	0
TLL41.bin.41.fa	TLL41	1
TLL41.bin.44.fa	TLL41	0
TLL41.bin.47.fa	TLL41	0
TLL41.bin.7.fa	TLL41	0
TLL42.bin.1.fa	TLL42	0
TLL42.bin.11.fa	TLL42	1
TLL42.bin.13.fa	TLL42	0
TLL42.bin.14.fa	TLL42	0
TLL42.bin.18.fa	TLL42	0
TLL42.bin.19.fa	TLL42	0
TLL42.bin.21.fa	TLL42	1
TLL42.bin.23.fa	TLL42	1
TLL42.bin.25.fa	TLL42	0
TLL42.bin.26.fa	TLL42	0
TLL42.bin.30.fa	TLL42	0
TLL42.bin.31.fa	TLL42	1
TLL42.bin.5.fa	TLL42	0
TLL42.bin.7.fa	TLL42	0
TLL42.bin.8.fa	TLL42	0
TLL43.bin.11.fa	TLL43	0
TLL43.bin.12.fa	TLL43	1
TLL43.bin.13.fa	TLL43	0
TLL43.bin.14.fa	TLL43	0
TLL43.bin.17.fa	TLL43	0
TLL43.bin.21.fa	TLL43	1
TLL43.bin.22.fa	TLL43	0
TLL43.bin.23.fa	TLL43	1
TLL43.bin.25.fa	TLL43	0
TLL43.bin.26.fa	TLL43	0
TLL43.bin.27.fa	TLL43	1
TLL43.bin.3.fa	TLL43	0
TLL43.bin.30.fa	TLL43	0
TLL43.bin.32.fa	TLL43	0
TLL43.bin.33.fa	TLL43	1
TLL43.bin.34.fa	TLL43	1
TLL43.bin.37.fa	TLL43	0
TLL43.bin.38.fa	TLL43	0
TLL43.bin.4.fa	TLL43	0
TLL43.bin.43.fa	TLL43	1
TLL43.bin.44.fa	TLL43	0
TLL43.bin.46.fa	TLL43	0
TLL43.bin.47.fa	TLL43	0
TLL43.bin.5.fa	TLL43	0
TLL43.bin.53.fa	TLL43	0
TLL43.bin.55.fa	TLL43	0
TLL43.bin.56.fa	TLL43	1
TLL43.bin.58.fa	TLL43	1
TLL43.bin.6.fa	TLL43	1
TLL43.bin.65.fa	TLL43	1
TLL43.bin.66.fa	TLL43	1
TLL43.bin.68.fa	TLL43	1
TLL43.bin.70.fa	TLL43	0
TLL43.bin.71.fa	TLL43	0
TLL43.bin.72.fa	TLL43	0
TLL43.bin.73.fa	TLL43	0
TLL43.bin.77.fa	TLL43	0
TLL43.bin.78.fa	TLL43	1
TLL43.bin.8.fa	TLL43	1
TLL43.bin.81.fa	TLL43	0
TLL44.bin.1.fa	TLL44	1
TLL44.bin.15.fa	TLL44	1
TLL44.bin.17.fa	TLL44	0
TLL44.bin.18.fa	TLL44	0
TLL44.bin.28.fa	TLL44	0
TLL44.bin.32.fa	TLL44	0
TLL44.bin.33.fa	TLL44	0
TLL44.bin.35.fa	TLL44	0
TLL44.bin.37.fa	TLL44	0
TLL44.bin.40.fa	TLL44	0
TLL44.bin.41.fa	TLL44	0
TLL44.bin.42.fa	TLL44	0
TLL44.bin.45.fa	TLL44	0
TLL44.bin.46.fa	TLL44	0
TLL44.bin.47.fa	TLL44	1
TLL44.bin.49.fa	TLL44	0
TLL44.bin.52.fa	TLL44	0
TLL44.bin.53.fa	TLL44	1
TLL44.bin.58.fa	TLL44	0
TLL44.bin.6.fa	TLL44	1
TLL44.bin.62.fa	TLL44	0
TLL44.bin.65.fa	TLL44	0
TLL44.bin.67.fa	TLL44	1
TLL44.bin.68.fa	TLL44	0
TLL44.bin.70.fa	TLL44	1
TLL44.bin.8.fa	TLL44	0
TLL45.bin.16.fa	TLL45	0
TLL45.bin.17.fa	TLL45	0
TLL45.bin.19.fa	TLL45	1
TLL45.bin.2.fa	TLL45	0
TLL45.bin.22.fa	TLL45	0
TLL45.bin.24.fa	TLL45	0
TLL45.bin.25.fa	TLL45	0
TLL45.bin.27.fa	TLL45	0
TLL45.bin.29.fa	TLL45	0
TLL45.bin.30.fa	TLL45	1
TLL45.bin.33.fa	TLL45	0
TLL45.bin.34.fa	TLL45	0
TLL45.bin.35.fa	TLL45	1
TLL45.bin.37.fa	TLL45	0
TLL45.bin.38.fa	TLL45	1
TLL45.bin.40.fa	TLL45	0
TLL45.bin.41.fa	TLL45	0
TLL45.bin.42.fa	TLL45	1
TLL45.bin.43.fa	TLL45	0
TLL45.bin.44.fa	TLL45	1
TLL45.bin.47.fa	TLL45	0
TLL45.bin.48.fa	TLL45	0
TLL45.bin.50.fa	TLL45	0
TLL45.bin.52.fa	TLL45	0
TLL45.bin.54.fa	TLL45	0
TLL45.bin.55.fa	TLL45	0
TLL45.bin.56.fa	TLL45	0
TLL45.bin.59.fa	TLL45	0
TLL45.bin.65.fa	TLL45	0
TLL45.bin.66.fa	TLL45	1
TLL45.bin.67.fa	TLL45	0
TLL45.bin.7.fa	TLL45	0
TLL45.bin.70.fa	TLL45	0
TLL45.bin.75.fa	TLL45	1
TLL45.bin.78.fa	TLL45	1
TLL45.bin.79.fa	TLL45	0
TLL45.bin.8.fa	TLL45	0
TLL45.bin.81.fa	TLL45	1
TLL45.bin.82.fa	TLL45	0
TLL45.bin.83.fa	TLL45	0
TLL45.bin.85.fa	TLL45	1
TLL45.bin.86.fa	TLL45	0
TLL45.bin.91.fa	TLL45	0
TLL46.bin.1.fa	TLL46	0
TLL46.bin.10.fa	TLL46	1
TLL46.bin.13.fa	TLL46	0
TLL46.bin.14.fa	TLL46	0
TLL46.bin.15.fa	TLL46	1
TLL46.bin.21.fa	TLL46	1
TLL46.bin.22.fa	TLL46	0
TLL46.bin.23.fa	TLL46	0
TLL46.bin.26.fa	TLL46	0
TLL46.bin.3.fa	TLL46	0
TLL46.bin.31.fa	TLL46	1
TLL46.bin.32.fa	TLL46	0
TLL46.bin.34.fa	TLL46	1
TLL46.bin.35.fa	TLL46	1
TLL46.bin.37.fa	TLL46	0
TLL46.bin.39.fa	TLL46	0
TLL46.bin.41.fa	TLL46	0
TLL46.bin.6.fa	TLL46	0
TLL46.bin.7.fa	TLL46	0
TLL46.bin.8.fa	TLL46	0
TLL47.bin.1.fa	TLL47	0
TLL47.bin.12.fa	TLL47	0
TLL47.bin.14.fa	TLL47	0
TLL47.bin.16.fa	TLL47	0
TLL47.bin.19.fa	TLL47	1
TLL47.bin.22.fa	TLL47	1
TLL47.bin.24.fa	TLL47	0
TLL47.bin.29.fa	TLL47	1
TLL47.bin.33.fa	TLL47	0
TLL47.bin.40.fa	TLL47	0
TLL47.bin.7.fa	TLL47	0
TLL47.bin.9.fa	TLL47	1
TLL48.bin.10.fa	TLL48	0
TLL48.bin.13.fa	TLL48	0
TLL48.bin.16.fa	TLL48	1
TLL48.bin.18.fa	TLL48	0
TLL48.bin.20.fa	TLL48	0
TLL48.bin.21.fa	TLL48	0
TLL48.bin.23.fa	TLL48	0
TLL48.bin.26.fa	TLL48	1
TLL48.bin.27.fa	TLL48	0
TLL48.bin.29.fa	TLL48	0
TLL48.bin.3.fa	TLL48	0
TLL48.bin.31.fa	TLL48	0
TLL48.bin.33.fa	TLL48	0
TLL48.bin.35.fa	TLL48	0
TLL48.bin.38.fa	TLL48	0
TLL48.bin.40.fa	TLL48	1
TLL48.bin.42.fa	TLL48	0
TLL48.bin.43.fa	TLL48	1
TLL48.bin.49.fa	TLL48	0
TLL48.bin.5.fa	TLL48	1
TLL48.bin.50.fa	TLL48	1
TLL48.bin.51.fa	TLL48	1
TLL48.bin.52.fa	TLL48	1
TLL48.bin.53.fa	TLL48	1
TLL48.bin.55.fa	TLL48	0
TLL48.bin.56.fa	TLL48	1
TLL48.bin.59.fa	TLL48	1
TLL48.bin.61.fa	TLL48	1
TLL48.bin.62.fa	TLL48	0
TLL48.bin.63.fa	TLL48	0
TLL48.bin.68.fa	TLL48	0
TLL48.bin.70.fa	TLL48	0
TLL48.bin.71.fa	TLL48	0
TLL48.bin.74.fa	TLL48	0
TLL48.bin.77.fa	TLL48	1
TLL48.bin.8.fa	TLL48	0
TLL48.bin.81.fa	TLL48	1
TLL48.bin.82.fa	TLL48	1
TLL48.bin.84.fa	TLL48	0
TLL48.bin.86.fa	TLL48	1
TLL48.bin.87.fa	TLL48	0
TLL49.bin.10.fa	TLL49	0
TLL49.bin.12.fa	TLL49	0
TLL49.bin.17.fa	TLL49	0
TLL49.bin.18.fa	TLL49	1
TLL49.bin.19.fa	TLL49	1
TLL49.bin.21.fa	TLL49	0
TLL49.bin.22.fa	TLL49	0
TLL49.bin.26.fa	TLL49	0
TLL49.bin.3.fa	TLL49	0
TLL49.bin.30.fa	TLL49	0
TLL49.bin.32.fa	TLL49	0
TLL49.bin.33.fa	TLL49	1
TLL49.bin.39.fa	TLL49	0
TLL49.bin.40.fa	TLL49	1
TLL49.bin.41.fa	TLL49	0
TLL49.bin.42.fa	TLL49	1
TLL49.bin.43.fa	TLL49	1
TLL49.bin.45.fa	TLL49	1
TLL49.bin.46.fa	TLL49	1
TLL49.bin.47.fa	TLL49	0
TLL49.bin.52.fa	TLL49	0
TLL49.bin.57.fa	TLL49	0
TLL49.bin.58.fa	TLL49	0
TLL49.bin.59.fa	TLL49	0
TLL49.bin.6.fa	TLL49	1
TLL49.bin.62.fa	TLL49	0
TLL49.bin.66.fa	TLL49	0
TLL49.bin.69.fa	TLL49	1
TLL49.bin.70.fa	TLL49	1
TLL49.bin.71.fa	TLL49	0
TLL49.bin.75.fa	TLL49	0
TLL49.bin.77.fa	TLL49	0
TLL49.bin.78.fa	TLL49	0
TLL49.bin.79.fa	TLL49	1
TLL49.bin.80.fa	TLL49	0
TLL50.bin.12.fa	TLL50	1
TLL50.bin.14.fa	TLL50	0
TLL50.bin.15.fa	TLL50	1
TLL50.bin.19.fa	TLL50	0
TLL50.bin.2.fa	TLL50	0
TLL50.bin.20.fa	TLL50	0
TLL50.bin.21.fa	TLL50	0
TLL50.bin.22.fa	TLL50	0
TLL50.bin.24.fa	TLL50	0
TLL50.bin.25.fa	TLL50	0
TLL50.bin.26.fa	TLL50	0
TLL50.bin.3.fa	TLL50	0
TLL50.bin.33.fa	TLL50	0
TLL50.bin.34.fa	TLL50	0
TLL50.bin.35.fa	TLL50	0
TLL50.bin.4.fa	TLL50	0
TLL50.bin.41.fa	TLL50	0
TLL50.bin.42.fa	TLL50	0
TLL50.bin.43.fa	TLL50	1
TLL50.bin.45.fa	TLL50	0
TLL50.bin.46.fa	TLL50	1
TLL50.bin.8.fa	TLL50	1
TLL51.bin.10.fa	TLL51	0
TLL51.bin.15.fa	TLL51	0
TLL51.bin.17.fa	TLL51	0
TLL51.bin.18.fa	TLL51	0
TLL51.bin.19.fa	TLL51	0
TLL51.bin.23.fa	TLL51	1
TLL51.bin.24.fa	TLL51	0
TLL51.bin.25.fa	TLL51	1
TLL51.bin.26.fa	TLL51	1
TLL51.bin.28.fa	TLL51	0
TLL51.bin.29.fa	TLL51	1
TLL51.bin.32.fa	TLL51	0
TLL51.bin.33.fa	TLL51	1
TLL51.bin.34.fa	TLL51	1
TLL51.bin.35.fa	TLL51	1
TLL51.bin.36.fa	TLL51	0
TLL51.bin.37.fa	TLL51	1
TLL51.bin.38.fa	TLL51	0
TLL51.bin.40.fa	TLL51	1
TLL51.bin.41.fa	TLL51	0
TLL51.bin.43.fa	TLL51	0
TLL51.bin.47.fa	TLL51	0
TLL51.bin.5.fa	TLL51	0
TLL51.bin.50.fa	TLL51	0
TLL51.bin.51.fa	TLL51	0
TLL51.bin.53.fa	TLL51	0
TLL51.bin.55.fa	TLL51	0
TLL51.bin.57.fa	TLL51	1
TLL51.bin.58.fa	TLL51	0
TLL51.bin.60.fa	TLL51	0
TLL51.bin.62.fa	TLL51	0
TLL51.bin.68.fa	TLL51	0
TLL51.bin.7.fa	TLL51	0
TLL51.bin.71.fa	TLL51	0
TLL51.bin.74.fa	TLL51	0
TLL51.bin.78.fa	TLL51	0
TLL51.bin.79.fa	TLL51	1
TLL51.bin.83.fa	TLL51	0
TLL51.bin.84.fa	TLL51	0
TLL51.bin.86.fa	TLL51	0
TLL52.bin.1.fa	TLL52	0
TLL52.bin.15.fa	TLL52	0
TLL52.bin.17.fa	TLL52	0
TLL52.bin.18.fa	TLL52	0
TLL52.bin.2.fa	TLL52	0
TLL52.bin.21.fa	TLL52	0
TLL52.bin.22.fa	TLL52	0
TLL52.bin.24.fa	TLL52	1
TLL52.bin.26.fa	TLL52	0
TLL52.bin.29.fa	TLL52	0
TLL52.bin.32.fa	TLL52	1
TLL52.bin.33.fa	TLL52	1
TLL52.bin.34.fa	TLL52	1
TLL52.bin.36.fa	TLL52	0
TLL52.bin.38.fa	TLL52	0
TLL52.bin.40.fa	TLL52	1
TLL52.bin.42.fa	TLL52	1
TLL52.bin.43.fa	TLL52	0
TLL52.bin.44.fa	TLL52	1
TLL52.bin.48.fa	TLL52	0
TLL52.bin.49.fa	TLL52	0
TLL52.bin.51.fa	TLL52	0
TLL52.bin.53.fa	TLL52	1
TLL52.bin.6.fa	TLL52	1
TLL52.bin.61.fa	TLL52	0
TLL52.bin.62.fa	TLL52	1
TLL52.bin.63.fa	TLL52	1
TLL52.bin.66.fa	TLL52	0
TLL52.bin.68.fa	TLL52	0
TLL52.bin.7.fa	TLL52	0
TLL52.bin.71.fa	TLL52	0
TLL52.bin.72.fa	TLL52	0
TLL52.bin.73.fa	TLL52	1
TLL52.bin.75.fa	TLL52	0
TLL52.bin.79.fa	TLL52	0
TLL52.bin.83.fa	TLL52	0
TLL52.bin.84.fa	TLL52	1
TLL52.bin.90.fa	TLL52	1
TLL53.bin.16.fa	TLL53	1
TLL53.bin.19.fa	TLL53	0
TLL53.bin.2.fa	TLL53	0
TLL53.bin.21.fa	TLL53	1
TLL53.bin.22.fa	TLL53	0
TLL53.bin.23.fa	TLL53	0
TLL53.bin.24.fa	TLL53	0
TLL53.bin.25.fa	TLL53	1
TLL53.bin.26.fa	TLL53	1
TLL53.bin.27.fa	TLL53	0
TLL53.bin.29.fa	TLL53	0
TLL53.bin.3.fa	TLL53	0
TLL53.bin.31.fa	TLL53	0
TLL53.bin.32.fa	TLL53	0
TLL53.bin.35.fa	TLL53	0
TLL53.bin.36.fa	TLL53	0
TLL53.bin.37.fa	TLL53	1
TLL53.bin.38.fa	TLL53	0
TLL53.bin.39.fa	TLL53	0
TLL53.bin.41.fa	TLL53	0
TLL54.bin.11.fa	TLL54	0
TLL54.bin.12.fa	TLL54	1
TLL54.bin.16.fa	TLL54	0
TLL54.bin.17.fa	TLL54	0
TLL54.bin.20.fa	TLL54	0
TLL54.bin.22.fa	TLL54	0
TLL54.bin.23.fa	TLL54	0
TLL54.bin.26.fa	TLL54	0
TLL54.bin.29.fa	TLL54	0
TLL54.bin.3.fa	TLL54	0
TLL54.bin.30.fa	TLL54	1
TLL54.bin.31.fa	TLL54	0
TLL54.bin.35.fa	TLL54	1
TLL54.bin.36.fa	TLL54	0
TLL54.bin.37.fa	TLL54	0
TLL54.bin.4.fa	TLL54	0
TLL54.bin.41.fa	TLL54	1
TLL54.bin.43.fa	TLL54	0
TLL54.bin.45.fa	TLL54	0
TLL54.bin.46.fa	TLL54	0
TLL54.bin.47.fa	TLL54	1
TLL54.bin.48.fa	TLL54	1
TLL54.bin.49.fa	TLL54	0
TLL54.bin.5.fa	TLL54	0
TLL54.bin.50.fa	TLL54	1
TLL54.bin.51.fa	TLL54	0
TLL54.bin.52.fa	TLL54	0
TLL54.bin.53.fa	TLL54	1
TLL54.bin.55.fa	TLL54	0
TLL54.bin.9.fa	TLL54	1
TLL55.bin.11.fa	TLL55	0
TLL55.bin.15.fa	TLL55	0
TLL55.bin.16.fa	TLL55	0
TLL55.bin.17.fa	TLL55	1
TLL55.bin.18.fa	TLL55	1
TLL55.bin.19.fa	TLL55	1
TLL55.bin.2.fa	TLL55	0
TLL55.bin.20.fa	TLL55	0
TLL55.bin.21.fa	TLL55	0
TLL55.bin.23.fa	TLL55	1
TLL55.bin.25.fa	TLL55	1
TLL55.bin.27.fa	TLL55	1
TLL55.bin.28.fa	TLL55	1
TLL55.bin.31.fa	TLL55	1
TLL55.bin.34.fa	TLL55	1
TLL55.bin.35.fa	TLL55	1
TLL55.bin.36.fa	TLL55	1
TLL55.bin.37.fa	TLL55	0
TLL55.bin.38.fa	TLL55	0
TLL55.bin.4.fa	TLL55	0
TLL55.bin.40.fa	TLL55	0
TLL55.bin.41.fa	TLL55	0
TLL55.bin.9.fa	TLL55	1
TLL56.bin.1.fa	TLL56	0
TLL56.bin.13.fa	TLL56	0
TLL56.bin.16.fa	TLL56	0
TLL56.bin.2.fa	TLL56	1
TLL56.bin.22.fa	TLL56	0
TLL56.bin.24.fa	TLL56	1
TLL56.bin.26.fa	TLL56	0
TLL56.bin.27.fa	TLL56	1
TLL56.bin.28.fa	TLL56	0
TLL56.bin.29.fa	TLL56	1
TLL56.bin.32.fa	TLL56	1
TLL56.bin.35.fa	TLL56	0
TLL56.bin.36.fa	TLL56	1
TLL56.bin.37.fa	TLL56	0
TLL56.bin.38.fa	TLL56	1
TLL56.bin.4.fa	TLL56	0
TLL56.bin.40.fa	TLL56	0
TLL56.bin.41.fa	TLL56	0
TLL56.bin.42.fa	TLL56	1
TLL56.bin.43.fa	TLL56	1
TLL56.bin.44.fa	TLL56	1
TLL56.bin.45.fa	TLL56	0
TLL56.bin.46.fa	TLL56	0
TLL56.bin.47.fa	TLL56	1
TLL56.bin.48.fa	TLL56	0
TLL56.bin.49.fa	TLL56	0
TLL56.bin.5.fa	TLL56	0
TLL56.bin.50.fa	TLL56	1
TLL56.bin.51.fa	TLL56	0
TLL56.bin.52.fa	TLL56	1
TLL56.bin.53.fa	TLL56	0
TLL56.bin.54.fa	TLL56	0
TLL56.bin.55.fa	TLL56	0
TLL56.bin.57.fa	TLL56	0
TLL56.bin.6.fa	TLL56	1
TLL56.bin.61.fa	TLL56	0
TLL56.bin.65.fa	TLL56	0
TLL56.bin.66.fa	TLL56	0
TLL56.bin.67.fa	TLL56	1
TLL56.bin.68.fa	TLL56	0
TLL56.bin.8.fa	TLL56	0
TLL57.bin.10.fa	TLL57	0
TLL57.bin.12.fa	TLL57	1
TLL57.bin.15.fa	TLL57	0
TLL57.bin.17.fa	TLL57	0
TLL57.bin.24.fa	TLL57	0
TLL57.bin.25.fa	TLL57	0
TLL57.bin.27.fa	TLL57	0
TLL57.bin.30.fa	TLL57	0
TLL57.bin.31.fa	TLL57	1
TLL57.bin.33.fa	TLL57	0
TLL57.bin.38.fa	TLL57	0
TLL57.bin.39.fa	TLL57	1
TLL57.bin.44.fa	TLL57	0
TLL57.bin.46.fa	TLL57	1
TLL57.bin.50.fa	TLL57	0
TLL57.bin.51.fa	TLL57	0
TLL57.bin.52.fa	TLL57	0
TLL57.bin.54.fa	TLL57	0
TLL57.bin.55.fa	TLL57	0
TLL57.bin.56.fa	TLL57	0
TLL57.bin.58.fa	TLL57	0
TLL57.bin.59.fa	TLL57	0
TLL57.bin.60.fa	TLL57	0
TLL57.bin.62.fa	TLL57	0
TLL57.bin.63.fa	TLL57	1
TLL57.bin.64.fa	TLL57	0
TLL57.bin.65.fa	TLL57	0
TLL57.bin.66.fa	TLL57	0
TLL57.bin.68.fa	TLL57	0
TLL57.bin.71.fa	TLL57	1
TLL57.bin.72.fa	TLL57	0
TLL57.bin.9.fa	TLL57	1
TLL58.bin.17.fa	TLL58	0
TLL58.bin.18.fa	TLL58	0
TLL58.bin.19.fa	TLL58	0
TLL58.bin.2.fa	TLL58	0
TLL58.bin.20.fa	TLL58	1
TLL58.bin.22.fa	TLL58	0
TLL58.bin.24.fa	TLL58	1
TLL58.bin.25.fa	TLL58	0
TLL58.bin.26.fa	TLL58	1
TLL58.bin.27.fa	TLL58	0
TLL58.bin.29.fa	TLL58	0
TLL58.bin.3.fa	TLL58	0
TLL59.bin.12.fa	TLL59	1
TLL59.bin.14.fa	TLL59	1
TLL59.bin.15.fa	TLL59	0
TLL59.bin.16.fa	TLL59	0
TLL59.bin.18.fa	TLL59	0
TLL59.bin.2.fa	TLL59	0
TLL59.bin.20.fa	TLL59	0
TLL59.bin.22.fa	TLL59	0
TLL59.bin.23.fa	TLL59	0
TLL59.bin.25.fa	TLL59	0
TLL59.bin.26.fa	TLL59	0
TLL59.bin.27.fa	TLL59	1
TLL59.bin.28.fa	TLL59	1
TLL59.bin.29.fa	TLL59	1
TLL59.bin.30.fa	TLL59	0
TLL59.bin.35.fa	TLL59	1
TLL59.bin.41.fa	TLL59	0
TLL59.bin.5.fa	TLL59	1
TLL59.bin.6.fa	TLL59	0
TLL59.bin.9.fa	TLL59	0
TLL60.bin.1.fa	TLL60	0
TLL60.bin.10.fa	TLL60	0
TLL60.bin.13.fa	TLL60	0
TLL60.bin.16.fa	TLL60	0
TLL60.bin.18.fa	TLL60	1
TLL60.bin.20.fa	TLL60	0
TLL60.bin.22.fa	TLL60	0
TLL60.bin.23.fa	TLL60	1
TLL60.bin.24.fa	TLL60	0
TLL60.bin.26.fa	TLL60	1
TLL60.bin.3.fa	TLL60	0
TLL60.bin.30.fa	TLL60	0
TLL60.bin.31.fa	TLL60	1
TLL60.bin.32.fa	TLL60	0
TLL60.bin.35.fa	TLL60	0
TLL60.bin.36.fa	TLL60	0
TLL60.bin.37.fa	TLL60	1
TLL60.bin.38.fa	TLL60	0
TLL60.bin.39.fa	TLL60	0
TLL60.bin.46.fa	TLL60	0
TLL60.bin.48.fa	TLL60	1
TLL60.bin.5.fa	TLL60	0
TLL60.bin.6.fa	TLL60	0
TLL61.bin.1.fa	TLL61	0
TLL61.bin.12.fa	TLL61	0
TLL61.bin.13.fa	TLL61	1
TLL61.bin.16.fa	TLL61	1
TLL61.bin.17.fa	TLL61	1
TLL61.bin.18.fa	TLL61	1
TLL61.bin.2.fa	TLL61	1
TLL61.bin.20.fa	TLL61	0
TLL61.bin.21.fa	TLL61	0
TLL61.bin.23.fa	TLL61	0
TLL61.bin.24.fa	TLL61	1
TLL61.bin.26.fa	TLL61	0
TLL61.bin.27.fa	TLL61	0
TLL61.bin.28.fa	TLL61	0
TLL61.bin.29.fa	TLL61	0
TLL61.bin.3.fa	TLL61	0
TLL61.bin.30.fa	TLL61	0
TLL61.bin.34.fa	TLL61	0
TLL61.bin.40.fa	TLL61	0
TLL61.bin.41.fa	TLL61	1
TLL61.bin.42.fa	TLL61	0
TLL61.bin.43.fa	TLL61	1
TLL61.bin.44.fa	TLL61	0
TLL61.bin.45.fa	TLL61	1
TLL61.bin.47.fa	TLL61	1
TLL61.bin.48.fa	TLL61	0
TLL61.bin.5.fa	TLL61	1
TLL61.bin.6.fa	TLL61	0
TLL62.bin.1.fa	TLL62	0
TLL62.bin.13.fa	TLL62	1
TLL62.bin.15.fa	TLL62	0
TLL62.bin.18.fa	TLL62	0
TLL62.bin.19.fa	TLL62	0
TLL62.bin.21.fa	TLL62	0
TLL62.bin.22.fa	TLL62	1
TLL62.bin.23.fa	TLL62	0
TLL62.bin.24.fa	TLL62	0
TLL62.bin.25.fa	TLL62	1
TLL62.bin.26.fa	TLL62	1
TLL62.bin.27.fa	TLL62	0
TLL62.bin.29.fa	TLL62	1
TLL62.bin.30.fa	TLL62	0
TLL62.bin.33.fa	TLL62	0
TLL62.bin.35.fa	TLL62	0
TLL62.bin.38.fa	TLL62	1
TLL62.bin.39.fa	TLL62	0
TLL62.bin.41.fa	TLL62	1
TLL62.bin.42.fa	TLL62	0
TLL62.bin.8.fa	TLL62	0
TLL63.bin.1.fa	TLL63	0
TLL63.bin.10.fa	TLL63	1
TLL63.bin.11.fa	TLL63	0
TLL63.bin.13.fa	TLL63	0
TLL63.bin.15.fa	TLL63	1
TLL63.bin.16.fa	TLL63	1
TLL63.bin.17.fa	TLL63	0
TLL63.bin.19.fa	TLL63	0
TLL63.bin.2.fa	TLL63	1
TLL63.bin.22.fa	TLL63	1
TLL63.bin.23.fa	TLL63	0
TLL63.bin.24.fa	TLL63	0
TLL63.bin.27.fa	TLL63	0
TLL63.bin.29.fa	TLL63	0
TLL63.bin.3.fa	TLL63	0
TLL63.bin.30.fa	TLL63	1
TLL63.bin.31.fa	TLL63	0
TLL63.bin.35.fa	TLL63	0
TLL63.bin.36.fa	TLL63	0
TLL63.bin.37.fa	TLL63	0
TLL63.bin.38.fa	TLL63	1
TLL63.bin.4.fa	TLL63	0
TLL63.bin.43.fa	TLL63	0
TLL63.bin.44.fa	TLL63	0
TLL63.bin.48.fa	TLL63	1
TLL63.bin.50.fa	TLL63	1
TLL63.bin.8.fa	TLL63	0
TLL64.bin.1.fa	TLL64	0
TLL64.bin.11.fa	TLL64	1
TLL64.bin.15.fa	TLL64	1
TLL64.bin.16.fa	TLL64	1
TLL64.bin.18.fa	TLL64	0
TLL64.bin.19.fa	TLL64	1
TLL64.bin.20.fa	TLL64	0
TLL64.bin.25.fa	TLL64	1
TLL64.bin.26.fa	TLL64	0
TLL64.bin.28.fa	TLL64	1
TLL64.bin.3.fa	TLL64	0
TLL64.bin.30.fa	TLL64	1
TLL64.bin.32.fa	TLL64	0
TLL64.bin.34.fa	TLL64	0
TLL64.bin.39.fa	TLL64	1
TLL64.bin.4.fa	TLL64	0
TLL64.bin.41.fa	TLL64	1
TLL64.bin.45.fa	TLL64	0
TLL65.bin.1.fa	TLL65	1
TLL65.bin.10.fa	TLL65	0
TLL65.bin.12.fa	TLL65	0
TLL65.bin.15.fa	TLL65	1
TLL65.bin.18.fa	TLL65	1
TLL65.bin.19.fa	TLL65	1
TLL65.bin.20.fa	TLL65	0
TLL65.bin.21.fa	TLL65	0
TLL65.bin.22.fa	TLL65	1
TLL65.bin.23.fa	TLL65	1
TLL65.bin.25.fa	TLL65	0
TLL65.bin.26.fa	TLL65	1
TLL65.bin.27.fa	TLL65	0
TLL65.bin.28.fa	TLL65	0
TLL65.bin.29.fa	TLL65	0
TLL65.bin.32.fa	TLL65	0
TLL65.bin.36.fa	TLL65	0
TLL65.bin.37.fa	TLL65	0
TLL65.bin.39.fa	TLL65	1
TLL65.bin.40.fa	TLL65	1
TLL65.bin.42.fa	TLL65	1
TLL65.bin.44.fa	TLL65	1
TLL65.bin.47.fa	TLL65	0
TLL65.bin.5.fa	TLL65	0
TLL65.bin.7.fa	TLL65	0
TLL66.bin.10.fa	TLL66	0
TLL66.bin.13.fa	TLL66	0
TLL66.bin.16.fa	TLL66	1
TLL66.bin.21.fa	TLL66	0
TLL66.bin.22.fa	TLL66	0
TLL66.bin.24.fa	TLL66	0
TLL66.bin.26.fa	TLL66	0
TLL66.bin.28.fa	TLL66	0
TLL66.bin.3.fa	TLL66	1
TLL66.bin.31.fa	TLL66	0
TLL66.bin.33.fa	TLL66	1
TLL66.bin.35.fa	TLL66	0
TLL66.bin.38.fa	TLL66	1
TLL66.bin.39.fa	TLL66	0
TLL66.bin.4.fa	TLL66	1
TLL66.bin.41.fa	TLL66	1
TLL66.bin.42.fa	TLL66	1
TLL66.bin.43.fa	TLL66	0
TLL66.bin.44.fa	TLL66	0
TLL66.bin.48.fa	TLL66	0
TLL66.bin.5.fa	TLL66	1
TLL66.bin.50.fa	TLL66	0
TLL66.bin.51.fa	TLL66	1
TLL66.bin.6.fa	TLL66	0
TLL66.bin.7.fa	TLL66	0
TLL67.bin.1.fa	TLL67	0
TLL67.bin.11.fa	TLL67	0
TLL67.bin.15.fa	TLL67	0
TLL67.bin.16.fa	TLL67	1
TLL67.bin.18.fa	TLL67	0
TLL67.bin.19.fa	TLL67	0
TLL67.bin.21.fa	TLL67	1
TLL67.bin.23.fa	TLL67	1
TLL67.bin.24.fa	TLL67	0
TLL67.bin.28.fa	TLL67	0
TLL67.bin.29.fa	TLL67	0
TLL67.bin.30.fa	TLL67	0
TLL67.bin.31.fa	TLL67	0
TLL67.bin.32.fa	TLL67	0
TLL67.bin.33.fa	TLL67	0
TLL67.bin.34.fa	TLL67	0
TLL67.bin.37.fa	TLL67	1
TLL67.bin.39.fa	TLL67	0
TLL67.bin.42.fa	TLL67	1
TLL67.bin.44.fa	TLL67	0
TLL67.bin.46.fa	TLL67	0
TLL67.bin.56.fa	TLL67	0
TLL67.bin.57.fa	TLL67	0
TLL67.bin.60.fa	TLL67	0
TLL67.bin.62.fa	TLL67	0
TLL67.bin.7.fa	TLL67	0
TLL67.bin.8.fa	TLL67	0
TLL68.bin.1.fa	TLL68	0
TLL68.bin.10.fa	TLL68	1
TLL68.bin.13.fa	TLL68	0
TLL68.bin.14.fa	TLL68	0
TLL68.bin.15.fa	TLL68	0
TLL68.bin.17.fa	TLL68	0
TLL68.bin.20.fa	TLL68	0
TLL68.bin.21.fa	TLL68	0
TLL68.bin.22.fa	TLL68	0
TLL68.bin.23.fa	TLL68	0
TLL68.bin.24.fa	TLL68	0
TLL68.bin.25.fa	TLL68	0
TLL68.bin.27.fa	TLL68	0
TLL68.bin.29.fa	TLL68	0
TLL68.bin.3.fa	TLL68	1
TLL68.bin.30.fa	TLL68	0
TLL68.bin.4.fa	TLL68	1
TLL68.bin.5.fa	TLL68	1
TLL68.bin.6.fa	TLL68	1
TLL68.bin.8.fa	TLL68	0
TLL68.bin.9.fa	TLL68	0
TLL69.bin.1.fa	TLL69	0
TLL69.bin.12.fa	TLL69	0
TLL69.bin.16.fa	TLL69	1
TLL69.bin.17.fa	TLL69	1
TLL69.bin.23.fa	TLL69	0
TLL69.bin.28.fa	TLL69	0
TLL69.bin.3.fa	TLL69	0
TLL69.bin.32.fa	TLL69	1
TLL69.bin.36.fa	TLL69	0
TLL69.bin.39.fa	TLL69	0
TLL69.bin.4.fa	TLL69	1
TLL69.bin.5.fa	TLL69	0
TLL70.bin.10.fa	TLL70	0
TLL70.bin.18.fa	TLL70	0
TLL70.bin.21.fa	TLL70	0
TLL70.bin.27.fa	TLL70	0
TLL70.bin.28.fa	TLL70	1
TLL70.bin.29.fa	TLL70	1
TLL70.bin.34.fa	TLL70	1
TLL70.bin.7.fa	TLL70	0
TLL70.bin.8.fa	TLL70	0
TLL70.bin.9.fa	TLL70	1
TLL71.bin.1.fa	TLL71	1
TLL71.bin.10.fa	TLL71	0
TLL71.bin.13.fa	TLL71	0
TLL71.bin.14.fa	TLL71	0
TLL71.bin.15.fa	TLL71	0
TLL71.bin.2.fa	TLL71	0
TLL71.bin.20.fa	TLL71	1
TLL71.bin.21.fa	TLL71	0
TLL71.bin.27.fa	TLL71	1
TLL71.bin.28.fa	TLL71	1
TLL71.bin.29.fa	TLL71	0
TLL71.bin.31.fa	TLL71	0
TLL71.bin.32.fa	TLL71	0
TLL71.bin.35.fa	TLL71	0
TLL71.bin.37.fa	TLL71	1
TLL71.bin.38.fa	TLL71	1
TLL71.bin.4.fa	TLL71	1
TLL71.bin.40.fa	TLL71	0
TLL71.bin.41.fa	TLL71	0
TLL71.bin.43.fa	TLL71	1
TLL71.bin.44.fa	TLL71	1
TLL71.bin.54.fa	TLL71	0
TLL71.bin.57.fa	TLL71	0
TLL71.bin.62.fa	TLL71	1
TLL71.bin.63.fa	TLL71	0
TLL71.bin.64.fa	TLL71	0
TLL71.bin.67.fa	TLL71	1
TLL71.bin.69.fa	TLL71	0
TLL71.bin.70.fa	TLL71	0
TLL71.bin.71.fa	TLL71	1
TLL71.bin.9.fa	TLL71	1
TLL72.bin.1.fa	TLL72	1
TLL72.bin.11.fa	TLL72	0
TLL72.bin.12.fa	TLL72	1
TLL72.bin.13.fa	TLL72	0
TLL72.bin.14.fa	TLL72	0
TLL72.bin.25.fa	TLL72	0
TLL72.bin.26.fa	TLL72	0
TLL72.bin.27.fa	TLL72	0
TLL72.bin.28.fa	TLL72	0
TLL72.bin.3.fa	TLL72	0
TLL72.bin.30.fa	TLL72	0
TLL72.bin.33.fa	TLL72	0
TLL72.bin.34.fa	TLL72	0
TLL72.bin.37.fa	TLL72	0
TLL72.bin.42.fa	TLL72	0
TLL72.bin.49.fa	TLL72	0
TLL72.bin.5.fa	TLL72	1
TLL72.bin.53.fa	TLL72	1
TLL72.bin.54.fa	TLL72	1
TLL72.bin.8.fa	TLL72	0
TLL73.bin.10.fa	TLL73	0
TLL73.bin.11.fa	TLL73	0
TLL73.bin.12.fa	TLL73	1
TLL73.bin.14.fa	TLL73	0
TLL73.bin.15.fa	TLL73	1
TLL73.bin.19.fa	TLL73	0
TLL73.bin.23.fa	TLL73	1
TLL73.bin.25.fa	TLL73	0
TLL73.bin.26.fa	TLL73	0
TLL73.bin.28.fa	TLL73	1
TLL73.bin.29.fa	TLL73	0
TLL73.bin.3.fa	TLL73	1
TLL73.bin.30.fa	TLL73	1
TLL73.bin.32.fa	TLL73	0
TLL73.bin.34.fa	TLL73	0
TLL73.bin.36.fa	TLL73	0
TLL73.bin.39.fa	TLL73	1
TLL73.bin.40.fa	TLL73	0
TLL73.bin.41.fa	TLL73	0
TLL73.bin.43.fa	TLL73	1
TLL73.bin.50.fa	TLL73	0
TLL73.bin.6.fa	TLL73	0
TLL73.bin.7.fa	TLL73	0
TLL73.bin.9.fa	TLL73	1
TLL74.bin.1.fa	TLL74	0
TLL74.bin.11.fa	TLL74	0
TLL74.bin.13.fa	TLL74	0
TLL74.bin.15.fa	TLL74	1
TLL74.bin.16.fa	TLL74	0
TLL74.bin.18.fa	TLL74	1
TLL74.bin.19.fa	TLL74	0
TLL74.bin.20.fa	TLL74	0
TLL74.bin.21.fa	TLL74	0
TLL74.bin.22.fa	TLL74	1
TLL74.bin.23.fa	TLL74	1
TLL74.bin.26.fa	TLL74	1
TLL74.bin.27.fa	TLL74	0
TLL74.bin.28.fa	TLL74	1
TLL74.bin.31.fa	TLL74	0
TLL74.bin.33.fa	TLL74	0
TLL74.bin.35.fa	TLL74	1
TLL74.bin.37.fa	TLL74	0
TLL74.bin.38.fa	TLL74	1
TLL74.bin.39.fa	TLL74	1
TLL74.bin.4.fa	TLL74	0
TLL74.bin.40.fa	TLL74	0
TLL74.bin.41.fa	TLL74	1
TLL74.bin.46.fa	TLL74	0
TLL74.bin.47.fa	TLL74	0
TLL74.bin.5.fa	TLL74	0
TLL74.bin.53.fa	TLL74	0
TLL74.bin.54.fa	TLL74	0
TLL74.bin.59.fa	TLL74	1
TLL74.bin.6.fa	TLL74	0
TLL74.bin.61.fa	TLL74	0
TLL74.bin.63.fa	TLL74	0
TLL74.bin.64.fa	TLL74	1
TLL74.bin.65.fa	TLL74	1
TLL74.bin.8.fa	TLL74	0
TLL74.bin.9.fa	TLL74	0
TLL75.bin.10.fa	TLL75	0
TLL75.bin.12.fa	TLL75	0
TLL75.bin.14.fa	TLL75	1
TLL75.bin.16.fa	TLL75	0
TLL75.bin.18.fa	TLL75	0
TLL75.bin.2.fa	TLL75	0
TLL75.bin.26.fa	TLL75	0
TLL75.bin.30.fa	TLL75	0
TLL75.bin.32.fa	TLL75	0
TLL75.bin.33.fa	TLL75	0
TLL75.bin.35.fa	TLL75	1
TLL75.bin.36.fa	TLL75	1
TLL75.bin.37.fa	TLL75	0
TLL75.bin.39.fa	TLL75	0
TLL75.bin.40.fa	TLL75	0
TLL75.bin.41.fa	TLL75	1
TLL75.bin.43.fa	TLL75	1
TLL76.bin.10.fa	TLL76	0
TLL76.bin.14.fa	TLL76	0
TLL76.bin.16.fa	TLL76	0
TLL76.bin.2.fa	TLL76	0
TLL76.bin.20.fa	TLL76	0
TLL76.bin.24.fa	TLL76	0
TLL76.bin.25.fa	TLL76	0
TLL76.bin.26.fa	TLL76	0
TLL76.bin.3.fa	TLL76	0
TLL76.bin.30.fa	TLL76	1
TLL76.bin.31.fa	TLL76	0
TLL76.bin.32.fa	TLL76	0
TLL76.bin.35.fa	TLL76	0
TLL76.bin.36.fa	TLL76	1
TLL76.bin.38.fa	TLL76	1
TLL76.bin.40.fa	TLL76	0
TLL76.bin.41.fa	TLL76	1
TLL76.bin.46.fa	TLL76	1
TLL76.bin.47.fa	TLL76	0
TLL76.bin.50.fa	TLL76	1
TLL76.bin.52.fa	TLL76	0
TLL76.bin.53.fa	TLL76	1
TLL76.bin.55.fa	TLL76	1
TLL76.bin.56.fa	TLL76	1
TLL76.bin.59.fa	TLL76	0
TLL76.bin.64.fa	TLL76	0
TLL76.bin.7.fa	TLL76	0
TLL76.bin.8.fa	TLL76	0
TLL77.bin.1.fa	TLL77	1
TLL77.bin.12.fa	TLL77	1
TLL77.bin.18.fa	TLL77	0
TLL77.bin.19.fa	TLL77	1
TLL77.bin.2.fa	TLL77	1
TLL77.bin.20.fa	TLL77	0
TLL77.bin.22.fa	TLL77	0
TLL77.bin.23.fa	TLL77	0
TLL77.bin.24.fa	TLL77	0
TLL77.bin.25.fa	TLL77	1
TLL77.bin.26.fa	TLL77	0
TLL77.bin.28.fa	TLL77	1
TLL77.bin.29.fa	TLL77	1
TLL77.bin.3.fa	TLL77	1
TLL77.bin.31.fa	TLL77	0
TLL77.bin.32.fa	TLL77	0
TLL77.bin.37.fa	TLL77	0
TLL77.bin.39.fa	TLL77	0
TLL77.bin.4.fa	TLL77	0
TLL77.bin.41.fa	TLL77	0
TLL77.bin.48.fa	TLL77	0
TLL77.bin.8.fa	TLL77	0
TLL78.bin.10.fa	TLL78	0
TLL78.bin.11.fa	TLL78	0
TLL78.bin.13.fa	TLL78	0
TLL78.bin.24.fa	TLL78	0
TLL78.bin.25.fa	TLL78	0
TLL78.bin.35.fa	TLL78	1
TLL78.bin.38.fa	TLL78	1
TLL78.bin.4.fa	TLL78	0
TLL78.bin.42.fa	TLL78	0
TLL78.bin.44.fa	TLL78	1
TLL78.bin.45.fa	TLL78	0
TLL78.bin.47.fa	TLL78	1
TLL78.bin.51.fa	TLL78	0
TLL78.bin.52.fa	TLL78	0
TLL78.bin.54.fa	TLL78	1
TLL78.bin.55.fa	TLL78	1
TLL78.bin.9.fa	TLL78	0
TLL79.bin.12.fa	TLL79	0
TLL79.bin.13.fa	TLL79	0
TLL79.bin.14.fa	TLL79	1
TLL79.bin.17.fa	TLL79	0
TLL79.bin.18.fa	TLL79	1
TLL79.bin.20.fa	TLL79	1
TLL79.bin.21.fa	TLL79	0
TLL79.bin.24.fa	TLL79	1
TLL79.bin.25.fa	TLL79	1
TLL79.bin.26.fa	TLL79	1
TLL79.bin.31.fa	TLL79	0
TLL79.bin.38.fa	TLL79	0
TLL79.bin.43.fa	TLL79	0
TLL79.bin.44.fa	TLL79	1
TLL79.bin.45.fa	TLL79	1
TLL79.bin.47.fa	TLL79	1
TLL79.bin.5.fa	TLL79	1
TLL79.bin.6.fa	TLL79	0
TLL79.bin.8.fa	TLL79	1
TLL79.bin.9.fa	TLL79	0
TLL80.bin.1.fa	TLL80	0
TLL80.bin.10.fa	TLL80	0
TLL80.bin.12.fa	TLL80	0
TLL80.bin.13.fa	TLL80	1
TLL80.bin.16.fa	TLL80	0
TLL80.bin.17.fa	TLL80	1
TLL80.bin.18.fa	TLL80	0
TLL80.bin.2.fa	TLL80	0
TLL80.bin.20.fa	TLL80	0
TLL80.bin.23.fa	TLL80	0
TLL80.bin.24.fa	TLL80	0
TLL80.bin.26.fa	TLL80	0
TLL80.bin.27.fa	TLL80	0
TLL80.bin.28.fa	TLL80	0
TLL80.bin.3.fa	TLL80	0
TLL80.bin.33.fa	TLL80	0
TLL80.bin.35.fa	TLL80	0
TLL80.bin.36.fa	TLL80	1
TLL80.bin.37.fa	TLL80	0
TLL80.bin.39.fa	TLL80	0
TLL80.bin.45.fa	TLL80	1
TLL80.bin.46.fa	TLL80	1
TLL80.bin.47.fa	TLL80	1
TLL80.bin.49.fa	TLL80	0
TLL80.bin.5.fa	TLL80	0
TLL80.bin.51.fa	TLL80	1
TLL80.bin.6.fa	TLL80	1
TLL80.bin.8.fa	TLL80	0
TLL81.bin.10.fa	TLL81	0
TLL81.bin.12.fa	TLL81	0
TLL81.bin.16.fa	TLL81	0
TLL81.bin.19.fa	TLL81	1
TLL81.bin.2.fa	TLL81	0
TLL81.bin.21.fa	TLL81	0
TLL81.bin.22.fa	TLL81	1
TLL81.bin.25.fa	TLL81	1
TLL81.bin.26.fa	TLL81	0
TLL81.bin.27.fa	TLL81	0
TLL81.bin.28.fa	TLL81	0
TLL81.bin.3.fa	TLL81	0
TLL81.bin.31.fa	TLL81	1
TLL81.bin.4.fa	TLL81	0
TLL81.bin.40.fa	TLL81	1
TLL81.bin.41.fa	TLL81	0
TLL81.bin.45.fa	TLL81	1
TLL81.bin.46.fa	TLL81	1
TLL81.bin.48.fa	TLL81	1
TLL81.bin.5.fa	TLL81	1
TLL81.bin.50.fa	TLL81	1
TLL81.bin.8.fa	TLL81	0
TLL81.bin.9.fa	TLL81	1
TLL82.bin.1.fa	TLL82	0
TLL82.bin.10.fa	TLL82	1
TLL82.bin.11.fa	TLL82	0
TLL82.bin.13.fa	TLL82	0
TLL82.bin.18.fa	TLL82	0
TLL82.bin.19.fa	TLL82	1
TLL82.bin.2.fa	TLL82	0
TLL82.bin.20.fa	TLL82	0
TLL82.bin.22.fa	TLL82	0
TLL82.bin.24.fa	TLL82	0
TLL82.bin.25.fa	TLL82	1
TLL82.bin.32.fa	TLL82	0
TLL82.bin.34.fa	TLL82	0
TLL82.bin.36.fa	TLL82	0
TLL82.bin.39.fa	TLL82	0
TLL82.bin.40.fa	TLL82	1
TLL82.bin.43.fa	TLL82	0
TLL82.bin.44.fa	TLL82	0
TLL82.bin.48.fa	TLL82	0
TLL82.bin.49.fa	TLL82	1
TLL82.bin.50.fa	TLL82	0
TLL82.bin.53.fa	TLL82	0
TLL82.bin.54.fa	TLL82	1
TLL82.bin.58.fa	TLL82	1
TLL82.bin.60.fa	TLL82	1
TLL82.bin.61.fa	TLL82	1
TLL82.bin.8.fa	TLL82	0
TLL83.bin.11.fa	TLL83	0
TLL83.bin.12.fa	TLL83	0
TLL83.bin.13.fa	TLL83	1
TLL83.bin.14.fa	TLL83	1
TLL83.bin.17.fa	TLL83	1
TLL83.bin.19.fa	TLL83	1
TLL83.bin.22.fa	TLL83	1
TLL83.bin.25.fa	TLL83	0
TLL83.bin.26.fa	TLL83	0
TLL83.bin.27.fa	TLL83	0
TLL83.bin.28.fa	TLL83	0
TLL83.bin.29.fa	TLL83	0
TLL83.bin.3.fa	TLL83	1
TLL83.bin.31.fa	TLL83	0
TLL83.bin.33.fa	TLL83	0
TLL83.bin.34.fa	TLL83	0
TLL83.bin.37.fa	TLL83	1
TLL83.bin.4.fa	TLL83	1
TLL83.bin.42.fa	TLL83	0
TLL83.bin.45.fa	TLL83	0
TLL83.bin.50.fa	TLL83	1
TLL83.bin.6.fa	TLL83	0
TLL83.bin.61.fa	TLL83	0
TLL83.bin.63.fa	TLL83	0
TLL83.bin.64.fa	TLL83	0
TLL84.bin.1.fa	TLL84	0
TLL84.bin.15.fa	TLL84	1
TLL84.bin.16.fa	TLL84	1
TLL84.bin.18.fa	TLL84	1
TLL84.bin.20.fa	TLL84	0
TLL84.bin.23.fa	TLL84	0
TLL84.bin.25.fa	TLL84	0
TLL84.bin.29.fa	TLL84	0
TLL84.bin.3.fa	TLL84	1
TLL84.bin.30.fa	TLL84	0
TLL84.bin.31.fa	TLL84	0
TLL84.bin.32.fa	TLL84	0
TLL84.bin.33.fa	TLL84	0
TLL84.bin.36.fa	TLL84	0
TLL84.bin.39.fa	TLL84	1
TLL84.bin.41.fa	TLL84	1
TLL84.bin.42.fa	TLL84	0
TLL84.bin.43.fa	TLL84	1
TLL84.bin.45.fa	TLL84	0
TLL84.bin.49.fa	TLL84	1
TLL84.bin.50.fa	TLL84	0
TLL84.bin.51.fa	TLL84	1
TLL84.bin.53.fa	TLL84	0
TLL84.bin.6.fa	TLL84	0
TLL84.bin.7.fa	TLL84	0
TLL84.bin.9.fa	TLL84	0
TLL85.bin.1.fa	TLL85	1
TLL85.bin.14.fa	TLL85	0
TLL85.bin.16.fa	TLL85	1
TLL85.bin.17.fa	TLL85	0
TLL85.bin.19.fa	TLL85	0
TLL85.bin.20.fa	TLL85	0
TLL85.bin.22.fa	TLL85	0
TLL85.bin.23.fa	TLL85	1
TLL85.bin.24.fa	TLL85	0
TLL85.bin.25.fa	TLL85	1
TLL85.bin.28.fa	TLL85	0
TLL85.bin.29.fa	TLL85	1
TLL85.bin.30.fa	TLL85	0
TLL85.bin.31.fa	TLL85	0
TLL85.bin.32.fa	TLL85	1
TLL85.bin.33.fa	TLL85	1
TLL85.bin.6.fa	TLL85	0
TLL85.bin.8.fa	TLL85	1
TLL86.bin.10.fa	TLL86	0
TLL86.bin.13.fa	TLL86	0
TLL86.bin.16.fa	TLL86	0
TLL86.bin.18.fa	TLL86	1
TLL86.bin.23.fa	TLL86	0
TLL86.bin.24.fa	TLL86	1
TLL86.bin.25.fa	TLL86	1
TLL86.bin.27.fa	TLL86	0
TLL86.bin.28.fa	TLL86	0
TLL86.bin.29.fa	TLL86	0
TLL86.bin.3.fa	TLL86	0
TLL86.bin.5.fa	TLL86	0
TLL86.bin.7.fa	TLL86	0
TLL86.bin.8.fa	TLL86	0
TLL87.bin.11.fa	TLL87	0
TLL87.bin.13.fa	TLL87	1
TLL87.bin.19.fa	TLL87	1
TLL87.bin.2.fa	TLL87	1
TLL87.bin.20.fa	TLL87	0
TLL87.bin.21.fa	TLL87	1
TLL87.bin.22.fa	TLL87	1
TLL87.bin.23.fa	TLL87	1
TLL87.bin.24.fa	TLL87	1
TLL87.bin.26.fa	TLL87	0
TLL87.bin.27.fa	TLL87	0
TLL87.bin.3.fa	TLL87	1
TLL87.bin.32.fa	TLL87	1
TLL87.bin.33.fa	TLL87	1
TLL87.bin.5.fa	TLL87	1
TLL87.bin.6.fa	TLL87	0
TLL88.bin.1.fa	TLL88	0
TLL88.bin.11.fa	TLL88	0
TLL88.bin.13.fa	TLL88	1
TLL88.bin.15.fa	TLL88	0
TLL88.bin.16.fa	TLL88	0
TLL88.bin.17.fa	TLL88	1
TLL88.bin.18.fa	TLL88	1
TLL88.bin.22.fa	TLL88	1
TLL88.bin.23.fa	TLL88	1
TLL88.bin.25.fa	TLL88	0
TLL88.bin.26.fa	TLL88	0
TLL88.bin.27.fa	TLL88	0
TLL88.bin.28.fa	TLL88	1
TLL88.bin.29.fa	TLL88	0
TLL88.bin.3.fa	TLL88	0
TLL88.bin.31.fa	TLL88	1
TLL88.bin.32.fa	TLL88	0
TLL88.bin.33.fa	TLL88	0
TLL88.bin.34.fa	TLL88	1
TLL88.bin.35.fa	TLL88	1
TLL88.bin.38.fa	TLL88	1
TLL88.bin.39.fa	TLL88	0
TLL88.bin.4.fa	TLL88	1
TLL88.bin.41.fa	TLL88	1
TLL88.bin.47.fa	TLL88	0
TLL88.bin.48.fa	TLL88	0
TLL88.bin.49.fa	TLL88	1
TLL88.bin.5.fa	TLL88	1
TLL88.bin.50.fa	TLL88	0
TLL88.bin.51.fa	TLL88	0
TLL88.bin.53.fa	TLL88	0
TLL88.bin.55.fa	TLL88	0
TLL88.bin.6.fa	TLL88	1
TLL88.bin.60.fa	TLL88	0
TLL88.bin.61.fa	TLL88	1
TLL88.bin.63.fa	TLL88	0
TLL88.bin.64.fa	TLL88	0
TLL88.bin.65.fa	TLL88	1
TLL88.bin.67.fa	TLL88	0
TLL88.bin.68.fa	TLL88	0
TLL88.bin.69.fa	TLL88	0
TLL88.bin.7.fa	TLL88	0
TLL88.bin.70.fa	TLL88	0
TLL88.bin.71.fa	TLL88	1
TLL88.bin.73.fa	TLL88	1
TLL88.bin.74.fa	TLL88	0
TLL88.bin.76.fa	TLL88	0
TLL88.bin.77.fa	TLL88	0
TLL88.bin.8.fa	TLL88	1
TLL89.bin.13.fa	TLL89	0
TLL89.bin.14.fa	TLL89	0
TLL89.bin.18.fa	TLL89	0
TLL89.bin.19.fa	TLL89	0
TLL89.bin.21.fa	TLL89	0
TLL89.bin.22.fa	TLL89	0
TLL89.bin.24.fa	TLL89	0
TLL89.bin.25.fa	TLL89	0
TLL89.bin.26.fa	TLL89	1
TLL89.bin.27.fa	TLL89	1
TLL89.bin.28.fa	TLL89	1
TLL89.bin.3.fa	TLL89	1
TLL89.bin.33.fa	TLL89	1
TLL89.bin.34.fa	TLL89	0
TLL89.bin.39.fa	TLL89	0
TLL89.bin.4.fa	TLL89	0
TLL89.bin.41.fa	TLL89	0
TLL89.bin.43.fa	TLL89	0
TLL89.bin.49.fa	TLL89	1
TLL89.bin.51.fa	TLL89	0
TLL89.bin.52.fa	TLL89	0
TLL89.bin.53.fa	TLL89	0
TLL89.bin.54.fa	TLL89	0
TLL89.bin.55.fa	TLL89	0
TLL89.bin.57.fa	TLL89	1
TLL89.bin.59.fa	TLL89	0
TLL89.bin.6.fa	TLL89	1
TLL89.bin.61.fa	TLL89	1
TLL89.bin.62.fa	TLL89	0
TLL89.bin.64.fa	TLL89	0
TLL89.bin.7.fa	TLL89	0
TLL90.bin.10.fa	TLL90	1
TLL90.bin.11.fa	TLL90	1
TLL90.bin.12.fa	TLL90	1
TLL90.bin.14.fa	TLL90	0
TLL90.bin.15.fa	TLL90	1
TLL90.bin.17.fa	TLL90	0
TLL90.bin.19.fa	TLL90	1
TLL90.bin.21.fa	TLL90	0
TLL90.bin.24.fa	TLL90	1
TLL90.bin.26.fa	TLL90	0
TLL90.bin.30.fa	TLL90	0
TLL90.bin.32.fa	TLL90	0
TLL90.bin.33.fa	TLL90	1
TLL90.bin.34.fa	TLL90	1
TLL90.bin.37.fa	TLL90	0
TLL90.bin.38.fa	TLL90	0
TLL90.bin.39.fa	TLL90	0
TLL90.bin.45.fa	TLL90	0
TLL90.bin.47.fa	TLL90	1
TLL90.bin.5.fa	TLL90	1
TLL90.bin.7.fa	TLL90	0
TLL90.bin.8.fa	TLL90	0
TLL91.bin.13.fa	TLL91	1
TLL91.bin.14.fa	TLL91	0
TLL91.bin.15.fa	TLL91	0
TLL91.bin.16.fa	TLL91	1
TLL91.bin.18.fa	TLL91	0
TLL91.bin.19.fa	TLL91	0
TLL91.bin.2.fa	TLL91	0
TLL91.bin.22.fa	TLL91	1
TLL91.bin.23.fa	TLL91	1
TLL91.bin.25.fa	TLL91	0
TLL91.bin.26.fa	TLL91	0
TLL91.bin.27.fa	TLL91	0
TLL91.bin.31.fa	TLL91	0
TLL91.bin.38.fa	TLL91	0
TLL91.bin.40.fa	TLL91	0
TLL91.bin.41.fa	TLL91	1
TLL91.bin.9.fa	TLL91	0
TLL92.bin.1.fa	TLL92	0
TLL92.bin.11.fa	TLL92	0
TLL92.bin.12.fa	TLL92	0
TLL92.bin.14.fa	TLL92	0
TLL92.bin.16.fa	TLL92	0
TLL92.bin.17.fa	TLL92	0
TLL92.bin.19.fa	TLL92	0
TLL92.bin.23.fa	TLL92	0
TLL92.bin.26.fa	TLL92	0
TLL92.bin.29.fa	TLL92	1
TLL92.bin.30.fa	TLL92	0
TLL92.bin.33.fa	TLL92	0
TLL92.bin.37.fa	TLL92	0
TLL92.bin.38.fa	TLL92	1
TLL92.bin.40.fa	TLL92	0
TLL92.bin.41.fa	TLL92	1
TLL92.bin.45.fa	TLL92	0
TLL92.bin.47.fa	TLL92	1
TLL92.bin.6.fa	TLL92	0
TLL92.bin.8.fa	TLL92	1
TLL93.bin.10.fa	TLL93	1
TLL93.bin.12.fa	TLL93	0
TLL93.bin.16.fa	TLL93	0
TLL93.bin.17.fa	TLL93	0
TLL93.bin.18.fa	TLL93	0
TLL93.bin.19.fa	TLL93	0
TLL93.bin.2.fa	TLL93	0
TLL93.bin.20.fa	TLL93	0
TLL93.bin.21.fa	TLL93	1
TLL93.bin.23.fa	TLL93	0
TLL93.bin.25.fa	TLL93	0
TLL93.bin.27.fa	TLL93	1
TLL93.bin.32.fa	TLL93	1
TLL93.bin.33.fa	TLL93	0
TLL93.bin.35.fa	TLL93	0
TLL93.bin.36.fa	TLL93	0
TLL93.bin.37.fa	TLL93	0
TLL93.bin.38.fa	TLL93	0
TLL93.bin.40.fa	TLL93	0
TLL93.bin.41.fa	TLL93	0
TLL93.bin.43.fa	TLL93	1
TLL93.bin.44.fa	TLL93	0
TLL93.bin.45.fa	TLL93	0
TLL93.bin.47.fa	TLL93	0
TLL93.bin.52.fa	TLL93	0
TLL93.bin.54.fa	TLL93	0
TLL93.bin.55.fa	TLL93	0
TLL93.bin.56.fa	TLL93	0
TLL93.bin.6.fa	TLL93	0
TLL94.bin.1.fa	TLL94	0
TLL94.bin.11.fa	TLL94	1
TLL94.bin.14.fa	TLL94	1
TLL94.bin.15.fa	TLL94	1
TLL94.bin.18.fa	TLL94	0
TLL94.bin.20.fa	TLL94	0
TLL94.bin.23.fa	TLL94	0
TLL94.bin.25.fa	TLL94	0
TLL94.bin.28.fa	TLL94	0
TLL94.bin.29.fa	TLL94	0
TLL94.bin.30.fa	TLL94	1
TLL94.bin.32.fa	TLL94	0
TLL94.bin.33.fa	TLL94	1
TLL94.bin.34.fa	TLL94	0
TLL94.bin.35.fa	TLL94	0
TLL94.bin.36.fa	TLL94	0
TLL94.bin.40.fa	TLL94	1
TLL94.bin.43.fa	TLL94	0
TLL94.bin.44.fa	TLL94	1
TLL94.bin.46.fa	TLL94	1
TLL94.bin.47.fa	TLL94	0
TLL94.bin.49.fa	TLL94	0
TLL94.bin.5.fa	TLL94	0
TLL94.bin.50.fa	TLL94	0
TLL94.bin.53.fa	TLL94	0
TLL94.bin.56.fa	TLL94	0
TLL94.bin.6.fa	TLL94	0
TLL94.bin.60.fa	TLL94	0
TLL94.bin.61.fa	TLL94	0
TLL94.bin.62.fa	TLL94	0
TLL94.bin.65.fa	TLL94	0
TLL94.bin.9.fa	TLL94	0
TLL95.bin.11.fa	TLL95	0
TLL95.bin.13.fa	TLL95	0
TLL95.bin.15.fa	TLL95	1
TLL95.bin.18.fa	TLL95	1
TLL95.bin.19.fa	TLL95	0
TLL95.bin.23.fa	TLL95	0
TLL95.bin.24.fa	TLL95	0
TLL95.bin.26.fa	TLL95	0
TLL95.bin.28.fa	TLL95	0
TLL95.bin.29.fa	TLL95	0
TLL95.bin.32.fa	TLL95	0
TLL95.bin.33.fa	TLL95	0
TLL95.bin.34.fa	TLL95	0
TLL95.bin.35.fa	TLL95	0
TLL95.bin.38.fa	TLL95	0
TLL95.bin.39.fa	TLL95	0
TLL95.bin.40.fa	TLL95	0
TLL95.bin.41.fa	TLL95	0
TLL95.bin.44.fa	TLL95	0
TLL95.bin.47.fa	TLL95	0
TLL95.bin.48.fa	TLL95	0
TLL95.bin.52.fa	TLL95	0
TLL95.bin.53.fa	TLL95	0
TLL95.bin.6.fa	TLL95	0
TLL95.bin.7.fa	TLL95	0
TLL95.bin.9.fa	TLL95	0
TLL96.bin.12.fa	TLL96	1
TLL96.bin.18.fa	TLL96	0
TLL96.bin.2.fa	TLL96	1
TLL96.bin.21.fa	TLL96	1
TLL96.bin.22.fa	TLL96	1
TLL96.bin.23.fa	TLL96	0
TLL96.bin.25.fa	TLL96	0
TLL96.bin.27.fa	TLL96	0
TLL96.bin.28.fa	TLL96	1
TLL96.bin.29.fa	TLL96	1
TLL96.bin.3.fa	TLL96	0
TLL96.bin.30.fa	TLL96	0
TLL96.bin.32.fa	TLL96	0
TLL96.bin.38.fa	TLL96	0
TLL96.bin.45.fa	TLL96	0
TLL96.bin.46.fa	TLL96	1
TLL96.bin.47.fa	TLL96	1
TLL96.bin.48.fa	TLL96	1
TLL96.bin.49.fa	TLL96	0
TLL96.bin.5.fa	TLL96	0
TLL96.bin.52.fa	TLL96	0
TLL97.bin.1.fa	TLL97	0
TLL97.bin.16.fa	TLL97	0
TLL97.bin.17.fa	TLL97	1
TLL97.bin.18.fa	TLL97	0
TLL97.bin.20.fa	TLL97	1
TLL97.bin.22.fa	TLL97	0
TLL97.bin.23.fa	TLL97	0
TLL97.bin.25.fa	TLL97	0
TLL97.bin.26.fa	TLL97	0
TLL97.bin.30.fa	TLL97	0
TLL97.bin.32.fa	TLL97	0
TLL97.bin.34.fa	TLL97	0
TLL97.bin.36.fa	TLL97	1
TLL97.bin.39.fa	TLL97	0
TLL97.bin.40.fa	TLL97	0
TLL97.bin.41.fa	TLL97	0
TLL97.bin.44.fa	TLL97	0
TLL97.bin.46.fa	TLL97	1
TLL97.bin.48.fa	TLL97	1
TLL97.bin.5.fa	TLL97	0
TLL97.bin.50.fa	TLL97	1
TLL97.bin.51.fa	TLL97	0
TLL97.bin.55.fa	TLL97	1
TLL97.bin.59.fa	TLL97	0
TLL97.bin.60.fa	TLL97	0
TLL97.bin.62.fa	TLL97	0
TLL97.bin.65.fa	TLL97	1
TLL97.bin.66.fa	TLL97	0
TLL97.bin.69.fa	TLL97	0
TLL97.bin.7.fa	TLL97	0
TLL97.bin.70.fa	TLL97	0
TLL97.bin.73.fa	TLL97	0
TLL97.bin.75.fa	TLL97	0
TLL97.bin.76.fa	TLL97	0
TLL97.bin.78.fa	TLL97	0
TLL97.bin.9.fa	TLL97	0
TLL98.bin.16.fa	TLL98	0
TLL98.bin.17.fa	TLL98	0
TLL98.bin.19.fa	TLL98	0
TLL98.bin.20.fa	TLL98	1
TLL98.bin.24.fa	TLL98	0
TLL98.bin.26.fa	TLL98	0
TLL98.bin.27.fa	TLL98	0
TLL98.bin.3.fa	TLL98	0
TLL98.bin.31.fa	TLL98	0
TLL98.bin.34.fa	TLL98	0
TLL98.bin.35.fa	TLL98	1
TLL98.bin.36.fa	TLL98	0
TLL98.bin.38.fa	TLL98	0
TLL98.bin.4.fa	TLL98	0
TLL98.bin.42.fa	TLL98	1
TLL99.bin.11.fa	TLL99	0
TLL99.bin.12.fa	TLL99	0
TLL99.bin.13.fa	TLL99	0
TLL99.bin.14.fa	TLL99	0
TLL99.bin.16.fa	TLL99	0
TLL99.bin.19.fa	TLL99	0
TLL99.bin.2.fa	TLL99	0
TLL99.bin.20.fa	TLL99	1
TLL99.bin.22.fa	TLL99	0
TLL99.bin.26.fa	TLL99	1
TLL99.bin.3.fa	TLL99	1
TLL99.bin.30.fa	TLL99	0
TLL99.bin.33.fa	TLL99	0
TLL99.bin.34.fa	TLL99	1
TLL99.bin.36.fa	TLL99	1
TLL99.bin.37.fa	TLL99	0
TLL99.bin.38.fa	TLL99	1
TLL99.bin.41.fa	TLL99	1
TLL99.bin.42.fa	TLL99	0
TLL99.bin.44.fa	TLL99	0
TLL99.bin.47.fa	TLL99	1
TLL99.bin.54.fa	TLL99	0
TLL99.bin.55.fa	TLL99	0
TLL99.bin.56.fa	TLL99	0
TLL99.bin.57.fa	TLL99	0
TLL99.bin.59.fa	TLL99	0
TLL99.bin.6.fa	TLL99	0
TLL99.bin.61.fa	TLL99	1
TLL99.bin.63.fa	TLL99	0
TLL99.bin.65.fa	TLL99	0
TLL99.bin.66.fa	TLL99	1
TLL99.bin.7.fa	TLL99	1
TLL99.bin.8.fa	TLL99	0
TLL99.bin.9.fa	TLL99	0
